Galaxy,Rad,Vobs,errV,Vgas,Vdisk,Vbulge
VIRTUAL_GALAXY_HALO,0.10135375475579844,2.182364729458918,1.0,0.0,0.0,0.0
VIRTUAL_GALAXY_HALO,0.115774808129553,2.4779559118236474,1.0,0.0,0.0,0.0
VIRTUAL_GALAXY_HALO,0.13036747588421138,2.773547094188377,1.0,0.0,0.0,0.0
VIRTUAL_GALAXY_HALO,0.14513382377835488,3.0691382765531063,1.0,0.0,0.0,0.0
VIRTUAL_GALAXY_HALO,0.16007594532125066,3.364729458917836,1.0,0.0,0.0,0.0
VIRTUAL_GALAXY_HALO,0.17519596219349431,3.6603206412825653,1.0,0.0,0.0,0.0
VIRTUAL_GALAXY_HALO,0.1904960246748127,3.9559118236472948,1.0,0.0,0.0,0.0
VIRTUAL_GALAXY_HALO,0.20597831207916115,4.251503006012024,1.0,0.0,0.0,0.0
VIRTUAL_GALAXY_HALO,0.22164503319725318,4.547094188376754,1.0,0.0,0.0,0.0
VIRTUAL_GALAXY_HALO,0.23749842674666716,4.842685370741483,1.0,0.0,0.0,0.0
VIRTUAL_GALAXY_HALO,0.2535407618296692,5.138276553106213,1.0,0.0,0.0,0.0
VIRTUAL_GALAXY_HALO,0.2697743383989062,5.433867735470942,1.0,0.0,0.0,0.0
VIRTUAL_GALAXY_HALO,0.28620148773111215,5.729458917835672,1.0,0.0,0.0,0.0
VIRTUAL_GALAXY_HALO,0.3028245729089898,6.025050100200401,1.0,0.0,0.0,0.0
VIRTUAL_GALAXY_HALO,0.31964598931141647,6.320641282565131,1.0,0.0,0.0,0.0
VIRTUAL_GALAXY_HALO,0.33666816511214,6.61623246492986,1.0,0.0,0.0,0.0
VIRTUAL_GALAXY_HALO,0.35389356178712744,6.9118236472945895,1.0,0.0,0.0,0.0
VIRTUAL_GALAXY_HALO,0.37132467463073104,7.207414829659319,1.0,0.0,0.0,0.0
VIRTUAL_GALAXY_HALO,0.3889640332808469,7.5030060120240485,1.0,0.0,0.0,0.0
VIRTUAL_GALAXY_HALO,0.40681420225323495,7.798597194388778,1.0,0.0,0.0,0.0
VIRTUAL_GALAXY_HALO,0.4248777814851858,8.094188376753507,1.0,0.0,0.0,0.0
VIRTUAL_GALAXY_HALO,0.443157406888709,8.389779559118237,1.0,0.0,0.0,0.0
VIRTUAL_GALAXY_HALO,0.46165575091343325,8.685370741482966,1.0,0.0,0.0,0.0
VIRTUAL_GALAXY_HALO,0.48037552311940823,8.980961923847696,1.0,0.0,0.0,0.0
VIRTUAL_GALAXY_HALO,0.49931947076,9.276553106212425,1.0,0.0,0.0,0.0
VIRTUAL_GALAXY_HALO,0.5184903793750809,9.572144288577155,1.0,0.0,0.0,0.0
VIRTUAL_GALAXY_HALO,0.5378910733947125,9.867735470941884,1.0,0.0,0.0,0.0
VIRTUAL_GALAXY_HALO,0.5575244167535355,10.163326653306614,1.0,0.0,0.0,0.0
VIRTUAL_GALAXY_HALO,0.577393313516069,10.458917835671343,1.0,0.0,0.0,0.0
VIRTUAL_GALAXY_HALO,0.5975007085131443,10.754509018036073,1.0,0.0,0.0,0.0
VIRTUAL_GALAXY_HALO,0.6178495879896868,11.050100200400802,1.0,0.0,0.0,0.0
VIRTUAL_GALAXY_HALO,0.6384429802640755,11.345691382765532,1.0,0.0,0.0,0.0
VIRTUAL_GALAXY_HALO,0.6592839563993126,11.641282565130261,1.0,0.0,0.0,0.0
VIRTUAL_GALAXY_HALO,0.6803756308862301,11.93687374749499,1.0,0.0,0.0,0.0
VIRTUAL_GALAXY_HALO,0.7017211623389888,12.23246492985972,1.0,0.0,0.0,0.0
VIRTUAL_GALAXY_HALO,0.7233237542030998,12.52805611222445,1.0,0.0,0.0,0.0
VIRTUAL_GALAXY_HALO,0.7451866554762338,12.823647294589179,1.0,0.0,0.0,0.0
VIRTUAL_GALAXY_HALO,0.7673131614420654,13.119238476953909,1.0,0.0,0.0,0.0
VIRTUAL_GALAXY_HALO,0.7897066144174251,13.414829659318638,1.0,0.0,0.0,0.0
VIRTUAL_GALAXY_HALO,0.8123704045130166,13.710420841683367,1.0,0.0,0.0,0.0
VIRTUAL_GALAXY_HALO,0.8353079704079832,14.006012024048097,1.0,0.0,0.0,0.0
VIRTUAL_GALAXY_HALO,0.8585228001386037,14.301603206412826,1.0,0.0,0.0,0.0
VIRTUAL_GALAXY_HALO,0.8820184319013977,14.597194388777556,1.0,0.0,0.0,0.0
VIRTUAL_GALAXY_HALO,0.905798454870945,14.892785571142285,1.0,0.0,0.0,0.0
VIRTUAL_GALAXY_HALO,0.9298665100327071,15.188376753507015,1.0,0.0,0.0,0.0
VIRTUAL_GALAXY_HALO,0.9542262910311735,15.483967935871744,1.0,0.0,0.0,0.0
VIRTUAL_GALAXY_HALO,0.9788815450336298,15.779559118236474,1.0,0.0,0.0,0.0
VIRTUAL_GALAXY_HALO,1.0038360736098813,16.0751503006012,1.0,0.0,0.0,0.0
VIRTUAL_GALAXY_HALO,1.029093733628259,16.370741482965933,1.0,0.0,0.0,0.0
VIRTUAL_GALAXY_HALO,1.0546584381682358,16.666332665330664,1.0,0.0,0.0,0.0
VIRTUAL_GALAXY_HALO,1.0805341574500096,16.96192384769539,1.0,0.0,0.0,0.0
VIRTUAL_GALAXY_HALO,1.1067249197813913,17.25751503006012,1.0,0.0,0.0,0.0
VIRTUAL_GALAXY_HALO,1.133234812522371,17.55310621242485,1.0,0.0,0.0,0.0
VIRTUAL_GALAXY_HALO,1.1600679830677185,17.848697394789582,1.0,0.0,0.0,0.0
VIRTUAL_GALAXY_HALO,1.187228639847998,18.14428857715431,1.0,0.0,0.0,0.0
VIRTUAL_GALAXY_HALO,1.214721053349393,18.439879759519037,1.0,0.0,0.0,0.0
VIRTUAL_GALAXY_HALO,1.2425495571527134,18.73547094188377,1.0,0.0,0.0,0.0
VIRTUAL_GALAXY_HALO,1.2707185489920119,19.0310621242485,1.0,0.0,0.0,0.0
VIRTUAL_GALAXY_HALO,1.2992324918332014,19.326653306613228,1.0,0.0,0.0,0.0
VIRTUAL_GALAXY_HALO,1.3280959149731149,19.622244488977955,1.0,0.0,0.0,0.0
VIRTUAL_GALAXY_HALO,1.3573134151594188,19.917835671342687,1.0,0.0,0.0,0.0
VIRTUAL_GALAXY_HALO,1.3868896577318428,20.213426853707418,1.0,0.0,0.0,0.0
VIRTUAL_GALAXY_HALO,1.4168293777851642,20.509018036072145,1.0,0.0,0.0,0.0
VIRTUAL_GALAXY_HALO,1.4471373813544124,20.804609218436873,1.0,0.0,0.0,0.0
VIRTUAL_GALAXY_HALO,1.4778185466227767,21.100200400801604,1.0,0.0,0.0,0.0
VIRTUAL_GALAXY_HALO,1.5088778251526849,21.395791583166336,1.0,0.0,0.0,0.0
VIRTUAL_GALAXY_HALO,1.5403202431405711,21.691382765531063,1.0,0.0,0.0,0.0
VIRTUAL_GALAXY_HALO,1.5721509026958205,21.98697394789579,1.0,0.0,0.0,0.0
VIRTUAL_GALAXY_HALO,1.6043749831444263,22.282565130260522,1.0,0.0,0.0,0.0
VIRTUAL_GALAXY_HALO,1.6369977423578836,22.578156312625254,1.0,0.0,0.0,0.0
VIRTUAL_GALAXY_HALO,1.6700245181078686,22.87374749498998,1.0,0.0,0.0,0.0
VIRTUAL_GALAXY_HALO,1.7034607294472635,23.16933867735471,1.0,0.0,0.0,0.0
VIRTUAL_GALAXY_HALO,1.7373118781180936,23.46492985971944,1.0,0.0,0.0,0.0
VIRTUAL_GALAXY_HALO,1.7715835499869712,23.76052104208417,1.0,0.0,0.0,0.0
VIRTUAL_GALAXY_HALO,1.8062814165086298,24.0561122244489,1.0,0.0,0.0,0.0
VIRTUAL_GALAXY_HALO,1.841411236218191,24.351703406813627,1.0,0.0,0.0,0.0
VIRTUAL_GALAXY_HALO,1.8769788562527585,24.647294589178358,1.0,0.0,0.0,0.0
VIRTUAL_GALAXY_HALO,1.9129902139030124,24.94288577154309,1.0,0.0,0.0,0.0
VIRTUAL_GALAXY_HALO,1.9494513381954475,25.238476953907817,1.0,0.0,0.0,0.0
VIRTUAL_GALAXY_HALO,1.9863683515059396,25.534068136272545,1.0,0.0,0.0,0.0
VIRTUAL_GALAXY_HALO,2.0237474712053323,25.829659318637276,1.0,0.0,0.0,0.0
VIRTUAL_GALAXY_HALO,2.061595011337737,26.125250501002007,1.0,0.0,0.0,0.0
VIRTUAL_GALAXY_HALO,2.099917384332312,26.420841683366735,1.0,0.0,0.0,0.0
VIRTUAL_GALAXY_HALO,2.1387211027492175,26.716432865731463,1.0,0.0,0.0,0.0
VIRTUAL_GALAXY_HALO,2.17801278106055,27.012024048096194,1.0,0.0,0.0,0.0
VIRTUAL_GALAXY_HALO,2.217799137467007,27.307615230460925,1.0,0.0,0.0,0.0
VIRTUAL_GALAXY_HALO,2.258086995751114,27.603206412825653,1.0,0.0,0.0,0.0
VIRTUAL_GALAXY_HALO,2.2988832871678055,27.89879759519038,1.0,0.0,0.0,0.0
VIRTUAL_GALAXY_HALO,2.3401950523732222,28.194388777555112,1.0,0.0,0.0,0.0
VIRTUAL_GALAXY_HALO,2.3820294433925833,28.489979959919843,1.0,0.0,0.0,0.0
VIRTUAL_GALAXY_HALO,2.4243937256279984,28.78557114228457,1.0,0.0,0.0,0.0
VIRTUAL_GALAXY_HALO,2.4672952799071717,29.0811623246493,1.0,0.0,0.0,0.0
VIRTUAL_GALAXY_HALO,2.510741604573869,29.37675350701403,1.0,0.0,0.0,0.0
VIRTUAL_GALAXY_HALO,2.5547403176211474,29.67234468937876,1.0,0.0,0.0,0.0
VIRTUAL_GALAXY_HALO,2.5992991588682997,29.96793587174349,1.0,0.0,0.0,0.0
VIRTUAL_GALAXY_HALO,2.6444259921825224,30.263527054108216,1.0,0.0,0.0,0.0
VIRTUAL_GALAXY_HALO,2.6901288077463428,30.559118236472948,1.0,0.0,0.0,0.0
VIRTUAL_GALAXY_HALO,2.736415724371823,30.85470941883768,1.0,0.0,0.0,0.0
VIRTUAL_GALAXY_HALO,2.783294991862682,31.150300601202407,1.0,0.0,0.0,0.0
VIRTUAL_GALAXY_HALO,2.8307749934253756,31.445891783567134,1.0,0.0,0.0,0.0
VIRTUAL_GALAXY_HALO,2.8788642481303213,31.741482965931866,1.0,0.0,0.0,0.0
VIRTUAL_GALAXY_HALO,2.927571413424402,32.0370741482966,1.0,0.0,0.0,0.0
VIRTUAL_GALAXY_HALO,2.976905287695964,32.33266533066133,1.0,0.0,0.0,0.0
VIRTUAL_GALAXY_HALO,3.026874812893512,32.62825651302605,1.0,0.0,0.0,0.0
VIRTUAL_GALAXY_HALO,3.0774890771993886,32.92384769539078,1.0,0.0,0.0,0.0
VIRTUAL_GALAXY_HALO,3.1287573177597,33.219438877755515,1.0,0.0,0.0,0.0
VIRTUAL_GALAXY_HALO,3.1806889234718114,33.51503006012024,1.0,0.0,0.0,0.0
VIRTUAL_GALAXY_HALO,3.2332934378308162,33.81062124248497,1.0,0.0,0.0,0.0
VIRTUAL_GALAXY_HALO,3.2865805618362955,34.1062124248497,1.0,0.0,0.0,0.0
VIRTUAL_GALAXY_HALO,3.3405601569608665,34.40180360721443,1.0,0.0,0.0,0.0
VIRTUAL_GALAXY_HALO,3.3952422481819493,34.697394789579164,1.0,0.0,0.0,0.0
VIRTUAL_GALAXY_HALO,3.4506370270782685,34.99298597194389,1.0,0.0,0.0,0.0
VIRTUAL_GALAXY_HALO,3.5067548549926473,35.28857715430862,1.0,0.0,0.0,0.0
VIRTUAL_GALAXY_HALO,3.563606266262635,35.58416833667335,1.0,0.0,0.0,0.0
VIRTUAL_GALAXY_HALO,3.621201971520678,35.879759519038075,1.0,0.0,0.0,0.0
VIRTUAL_GALAXY_HALO,3.679552861065414,36.175350701402806,1.0,0.0,0.0,0.0
VIRTUAL_GALAXY_HALO,3.7386700083058746,36.47094188376754,1.0,0.0,0.0,0.0
VIRTUAL_GALAXY_HALO,3.7985646732803273,36.76653306613227,1.0,0.0,0.0,0.0
VIRTUAL_GALAXY_HALO,3.85924830625157,37.062124248497,1.0,0.0,0.0,0.0
VIRTUAL_GALAXY_HALO,3.920732551380536,37.357715430861724,1.0,0.0,0.0,0.0
VIRTUAL_GALAXY_HALO,3.9830292504801337,37.653306613226455,1.0,0.0,0.0,0.0
VIRTUAL_GALAXY_HALO,4.046150446851253,37.948897795591186,1.0,0.0,0.0,0.0
VIRTUAL_GALAXY_HALO,4.110108389202956,38.24448897795591,1.0,0.0,0.0,0.0
VIRTUAL_GALAXY_HALO,4.174915535658969,38.54008016032064,1.0,0.0,0.0,0.0
VIRTUAL_GALAXY_HALO,4.240584557852499,38.83567134268537,1.0,0.0,0.0,0.0
VIRTUAL_GALAXY_HALO,4.307128345111665,39.131262525050104,1.0,0.0,0.0,0.0
VIRTUAL_GALAXY_HALO,4.374560008737707,39.426853707414836,1.0,0.0,0.0,0.0
VIRTUAL_GALAXY_HALO,4.4428928863783135,39.72244488977956,1.0,0.0,0.0,0.0
VIRTUAL_GALAXY_HALO,4.5121405464984266,40.01803607214429,1.0,0.0,0.0,0.0
VIRTUAL_GALAXY_HALO,4.582316792950928,40.31362725450902,1.0,0.0,0.0,0.0
VIRTUAL_GALAXY_HALO,4.653435669649764,40.609218436873746,1.0,0.0,0.0,0.0
VIRTUAL_GALAXY_HALO,4.725511465348009,40.90480961923848,1.0,0.0,0.0,0.0
VIRTUAL_GALAXY_HALO,4.7985587185235525,41.20040080160321,1.0,0.0,0.0,0.0
VIRTUAL_GALAXY_HALO,4.872592222375097,41.49599198396794,1.0,0.0,0.0,0.0
VIRTUAL_GALAXY_HALO,4.9476270299312795,41.79158316633267,1.0,0.0,0.0,0.0
VIRTUAL_GALAXY_HALO,5.023678459275743,42.087174348697395,1.0,0.0,0.0,0.0
VIRTUAL_GALAXY_HALO,5.100762098891149,42.38276553106213,1.0,0.0,0.0,0.0
VIRTUAL_GALAXY_HALO,5.178893813125137,42.67835671342686,1.0,0.0,0.0,0.0
VIRTUAL_GALAXY_HALO,5.258089747781316,42.97394789579158,1.0,0.0,0.0,0.0
VIRTUAL_GALAXY_HALO,5.338366335838584,43.26953907815631,1.0,0.0,0.0,0.0
VIRTUAL_GALAXY_HALO,5.4197403033019445,43.565130260521045,1.0,0.0,0.0,0.0
VIRTUAL_GALAXY_HALO,5.502228675188308,43.860721442885776,1.0,0.0,0.0,0.0
VIRTUAL_GALAXY_HALO,5.58584878165072,44.15631262525051,1.0,0.0,0.0,0.0
VIRTUAL_GALAXY_HALO,5.670618264244599,44.45190380761523,1.0,0.0,0.0,0.0
VIRTUAL_GALAXY_HALO,5.7565550823396885,44.74749498997996,1.0,0.0,0.0,0.0
VIRTUAL_GALAXY_HALO,5.843677519681473,45.043086172344694,1.0,0.0,0.0,0.0
VIRTUAL_GALAXY_HALO,5.932004191106056,45.33867735470942,1.0,0.0,0.0,0.0
VIRTUAL_GALAXY_HALO,6.021554049412378,45.63426853707415,1.0,0.0,0.0,0.0
VIRTUAL_GALAXY_HALO,6.112346392396029,45.92985971943888,1.0,0.0,0.0,0.0
VIRTUAL_GALAXY_HALO,6.204400870048845,46.22545090180361,1.0,0.0,0.0,0.0
VIRTUAL_GALAXY_HALO,6.297737491928677,46.52104208416834,1.0,0.0,0.0,0.0
VIRTUAL_GALAXY_HALO,6.39237663470383,46.81663326653307,1.0,0.0,0.0,0.0
VIRTUAL_GALAXY_HALO,6.488339049876842,47.1122244488978,1.0,0.0,0.0,0.0
VIRTUAL_GALAXY_HALO,6.585645871692317,47.40781563126253,1.0,0.0,0.0,0.0
VIRTUAL_GALAXY_HALO,6.684318625233769,47.703406813627254,1.0,0.0,0.0,0.0
VIRTUAL_GALAXY_HALO,6.784379234714557,47.998997995991985,1.0,0.0,0.0,0.0
VIRTUAL_GALAXY_HALO,6.885850031968031,48.294589178356716,1.0,0.0,0.0,0.0
VIRTUAL_GALAXY_HALO,6.9887537651423655,48.59018036072145,1.0,0.0,0.0,0.0
VIRTUAL_GALAXY_HALO,7.09311360760551,48.88577154308618,1.0,0.0,0.0,0.0
VIRTUAL_GALAXY_HALO,7.198953167066014,49.1813627254509,1.0,0.0,0.0,0.0
VIRTUAL_GALAXY_HALO,7.306296494915558,49.476953907815634,1.0,0.0,0.0,0.0
VIRTUAL_GALAXY_HALO,7.415168095799189,49.772545090180365,1.0,0.0,0.0,0.0
VIRTUAL_GALAXY_HALO,7.525592937419586,50.06813627254509,1.0,0.0,0.0,0.0
VIRTUAL_GALAXY_HALO,7.6375964605816495,50.36372745490982,1.0,0.0,0.0,0.0
VIRTUAL_GALAXY_HALO,7.751204589484068,50.65931863727455,1.0,0.0,0.0,0.0
VIRTUAL_GALAXY_HALO,7.866443742264688,50.95490981963928,1.0,0.0,0.0,0.0
VIRTUAL_GALAXY_HALO,7.983340841806646,51.250501002004015,1.0,0.0,0.0,0.0
VIRTUAL_GALAXY_HALO,8.101923326812525,51.54609218436874,1.0,0.0,0.0,0.0
VIRTUAL_GALAXY_HALO,8.222219163153989,51.84168336673347,1.0,0.0,0.0,0.0
VIRTUAL_GALAXY_HALO,8.344256855504533,52.1372745490982,1.0,0.0,0.0,0.0
VIRTUAL_GALAXY_HALO,8.468065459263281,52.432865731462925,1.0,0.0,0.0,0.0
VIRTUAL_GALAXY_HALO,8.59367459277807,52.72845691382766,1.0,0.0,0.0,0.0
VIRTUAL_GALAXY_HALO,8.72111444987606,53.02404809619239,1.0,0.0,0.0,0.0
VIRTUAL_GALAXY_HALO,8.850415812710738,53.31963927855712,1.0,0.0,0.0,0.0
VIRTUAL_GALAXY_HALO,8.981610064934134,53.61523046092185,1.0,0.0,0.0,0.0
VIRTUAL_GALAXY_HALO,9.114729205203538,53.910821643286575,1.0,0.0,0.0,0.0
VIRTUAL_GALAXY_HALO,9.249805861032232,54.206412825651306,1.0,0.0,0.0,0.0
VIRTUAL_GALAXY_HALO,9.386873302994,54.50200400801604,1.0,0.0,0.0,0.0
VIRTUAL_GALAXY_HALO,9.525965459291667,54.79759519038076,1.0,0.0,0.0,0.0
VIRTUAL_GALAXY_HALO,9.667116930699992,55.09318637274549,1.0,0.0,0.0,0.0
VIRTUAL_GALAXY_HALO,9.810363005893777,55.388777555110224,1.0,0.0,0.0,0.0
VIRTUAL_GALAXY_HALO,9.955739677172298,55.684368737474955,1.0,0.0,0.0,0.0
VIRTUAL_GALAXY_HALO,10.103283656591582,55.979959919839686,1.0,0.0,0.0,0.0
VIRTUAL_GALAXY_HALO,10.25303239251629,56.27555110220441,1.0,0.0,0.0,0.0
VIRTUAL_GALAXY_HALO,10.405024086603593,56.57114228456914,1.0,0.0,0.0,0.0
VIRTUAL_GALAXY_HALO,10.559297711231553,56.86673346693387,1.0,0.0,0.0,0.0
VIRTUAL_GALAXY_HALO,10.715893027385071,57.1623246492986,1.0,0.0,0.0,0.0
VIRTUAL_GALAXY_HALO,10.874850603012996,57.45791583166333,1.0,0.0,0.0,0.0
VIRTUAL_GALAXY_HALO,11.036211831870116,57.75350701402806,1.0,0.0,0.0,0.0
VIRTUAL_GALAXY_HALO,11.20001895285854,58.04909819639279,1.0,0.0,0.0,0.0
VIRTUAL_GALAXY_HALO,11.366315069883271,58.34468937875752,1.0,0.0,0.0,0.0
VIRTUAL_GALAXY_HALO,11.535144172237276,58.640280561122246,1.0,0.0,0.0,0.0
VIRTUAL_GALAXY_HALO,11.706551155531942,58.93587174348698,1.0,0.0,0.0,0.0
VIRTUAL_GALAXY_HALO,11.880581843189164,59.23146292585171,1.0,0.0,0.0,0.0
VIRTUAL_GALAXY_HALO,12.05728300851219,59.52705410821643,1.0,0.0,0.0,0.0
VIRTUAL_GALAXY_HALO,12.236702397352417,59.822645290581164,1.0,0.0,0.0,0.0
VIRTUAL_GALAXY_HALO,12.418888751390428,60.118236472945895,1.0,0.0,0.0,0.0
VIRTUAL_GALAXY_HALO,12.603891832049824,60.41382765531063,1.0,0.0,0.0,0.0
VIRTUAL_GALAXY_HALO,12.79176244506315,60.70941883767536,1.0,0.0,0.0,0.0
VIRTUAL_GALAXY_HALO,12.982552465709901,61.00501002004008,1.0,0.0,0.0,0.0
VIRTUAL_GALAXY_HALO,13.176314864747178,61.30060120240481,1.0,0.0,0.0,0.0
VIRTUAL_GALAXY_HALO,13.373103735054434,61.596192384769545,1.0,0.0,0.0,0.0
VIRTUAL_GALAXY_HALO,13.572974319014126,61.89178356713427,1.0,0.0,0.0,0.0
VIRTUAL_GALAXY_HALO,13.775983036651473,62.187374749499,1.0,0.0,0.0,0.0
VIRTUAL_GALAXY_HALO,13.982187514556479,62.48296593186373,1.0,0.0,0.0,0.0
VIRTUAL_GALAXY_HALO,14.191646615612965,62.77855711422846,1.0,0.0,0.0,0.0
VIRTUAL_GALAXY_HALO,14.404420469559744,63.074148296593194,1.0,0.0,0.0,0.0
VIRTUAL_GALAXY_HALO,14.620570504410022,63.36973947895792,1.0,0.0,0.0,0.0
VIRTUAL_GALAXY_HALO,14.840159478756236,63.66533066132265,1.0,0.0,0.0,0.0
VIRTUAL_GALAXY_HALO,15.063251514988048,63.96092184368738,1.0,0.0,0.0,0.0
VIRTUAL_GALAXY_HALO,15.289912133452887,64.2565130260521,1.0,0.0,0.0,0.0
VIRTUAL_GALAXY_HALO,15.520208287588565,64.55210420841684,1.0,0.0,0.0,0.0
VIRTUAL_GALAXY_HALO,15.754208400059376,64.84769539078157,1.0,0.0,0.0,0.0
VIRTUAL_GALAXY_HALO,15.991982399927728,65.1432865731463,1.0,0.0,0.0,0.0
VIRTUAL_GALAXY_HALO,16.233601760894537,65.43887775551103,1.0,0.0,0.0,0.0
VIRTUAL_GALAXY_HALO,16.47913954064299,65.73446893787576,1.0,0.0,0.0,0.0
VIRTUAL_GALAXY_HALO,16.728670421321358,66.03006012024048,1.0,0.0,0.0,0.0
VIRTUAL_GALAXY_HALO,16.982270751201924,66.32565130260521,1.0,0.0,0.0,0.0
VIRTUAL_GALAXY_HALO,17.24001858755421,66.62124248496994,1.0,0.0,0.0,0.0
VIRTUAL_GALAXY_HALO,17.501993740772512,66.91683366733467,1.0,0.0,0.0,0.0
VIRTUAL_GALAXY_HALO,17.76827781979875,67.2124248496994,1.0,0.0,0.0,0.0
VIRTUAL_GALAXY_HALO,18.038954278883306,67.50801603206413,1.0,0.0,0.0,0.0
VIRTUAL_GALAXY_HALO,18.314108465728236,67.80360721442887,1.0,0.0,0.0,0.0
VIRTUAL_GALAXY_HALO,18.593827671058623,68.0991983967936,1.0,0.0,0.0,0.0
VIRTUAL_GALAXY_HALO,18.87820117966967,68.39478957915833,1.0,0.0,0.0,0.0
VIRTUAL_GALAXY_HALO,19.167320322998865,68.69038076152304,1.0,0.0,0.0,0.0
VIRTUAL_GALAXY_HALO,19.461278533274452,68.98597194388778,1.0,0.0,0.0,0.0
VIRTUAL_GALAXY_HALO,19.760171399293082,69.28156312625251,1.0,0.0,0.0,0.0
VIRTUAL_GALAXY_HALO,20.064096723881917,69.57715430861724,1.0,0.0,0.0,0.0
VIRTUAL_GALAXY_HALO,20.3731545831022,69.87274549098197,1.0,0.0,0.0,0.0
VIRTUAL_GALAXY_HALO,20.68744738725355,70.1683366733467,1.0,0.0,0.0,0.0
VIRTUAL_GALAXY_HALO,21.007079943740557,70.46392785571143,1.0,0.0,0.0,0.0
VIRTUAL_GALAXY_HALO,21.33215952186544,70.75951903807615,1.0,0.0,0.0,0.0
VIRTUAL_GALAXY_HALO,21.662795919613206,71.05511022044088,1.0,0.0,0.0,0.0
VIRTUAL_GALAXY_HALO,21.999101532497882,71.35070140280561,1.0,0.0,0.0,0.0
VIRTUAL_GALAXY_HALO,22.341191424541513,71.64629258517034,1.0,0.0,0.0,0.0
VIRTUAL_GALAXY_HALO,22.689183401460053,71.94188376753507,1.0,0.0,0.0,0.0
VIRTUAL_GALAXY_HALO,23.04319808613314,72.2374749498998,1.0,0.0,0.0,0.0
VIRTUAL_GALAXY_HALO,23.403358996438,72.53306613226454,1.0,0.0,0.0,0.0
VIRTUAL_GALAXY_HALO,23.769792625530517,72.82865731462927,1.0,0.0,0.0,0.0
VIRTUAL_GALAXY_HALO,24.142628524659973,73.124248496994,1.0,0.0,0.0,0.0
VIRTUAL_GALAXY_HALO,24.521999388607338,73.41983967935872,1.0,0.0,0.0,0.0
VIRTUAL_GALAXY_HALO,24.908041143840517,73.71543086172345,1.0,0.0,0.0,0.0
VIRTUAL_GALAXY_HALO,25.300893039483356,74.01102204408818,1.0,0.0,0.0,0.0
VIRTUAL_GALAXY_HALO,25.700697741199804,74.30661322645291,1.0,0.0,0.0,0.0
VIRTUAL_GALAXY_HALO,26.10760142809778,74.60220440881764,1.0,0.0,0.0,0.0
VIRTUAL_GALAXY_HALO,26.521753892762117,74.89779559118237,1.0,0.0,0.0,0.0
VIRTUAL_GALAXY_HALO,26.94330864453002,75.1933867735471,1.0,0.0,0.0,0.0
VIRTUAL_GALAXY_HALO,27.372423016127247,75.48897795591182,1.0,0.0,0.0,0.0
VIRTUAL_GALAXY_HALO,27.809258273787922,75.78456913827655,1.0,0.0,0.0,0.0
VIRTUAL_GALAXY_HALO,28.253979730985677,76.08016032064128,1.0,0.0,0.0,0.0
VIRTUAL_GALAXY_HALO,28.70675686590959,76.37575150300601,1.0,0.0,0.0,0.0
VIRTUAL_GALAXY_HALO,29.167763442823258,76.67134268537075,1.0,0.0,0.0,0.0
VIRTUAL_GALAXY_HALO,29.637177637451337,76.96693386773548,1.0,0.0,0.0,0.0
VIRTUAL_GALAXY_HALO,30.115182166543832,77.26252505010021,1.0,0.0,0.0,0.0
VIRTUAL_GALAXY_HALO,30.601964421774603,77.55811623246494,1.0,0.0,0.0,0.0
VIRTUAL_GALAXY_HALO,31.09771660813709,77.85370741482967,1.0,0.0,0.0,0.0
VIRTUAL_GALAXY_HALO,31.602635887006965,78.14929859719439,1.0,0.0,0.0,0.0
VIRTUAL_GALAXY_HALO,32.116924524048954,78.44488977955912,1.0,0.0,0.0,0.0
VIRTUAL_GALAXY_HALO,32.64079004215172,78.74048096192385,1.0,0.0,0.0,0.0
VIRTUAL_GALAXY_HALO,33.17444537958358,79.03607214428858,1.0,0.0,0.0,0.0
VIRTUAL_GALAXY_HALO,33.718109053569044,79.33166332665331,1.0,0.0,0.0,0.0
VIRTUAL_GALAXY_HALO,34.27200532949529,79.62725450901804,1.0,0.0,0.0,0.0
VIRTUAL_GALAXY_HALO,34.83636439596641,79.92284569138278,1.0,0.0,0.0,0.0
VIRTUAL_GALAXY_HALO,35.41142254593265,80.21843687374749,1.0,0.0,0.0,0.0
VIRTUAL_GALAXY_HALO,35.997422364132014,80.51402805611222,1.0,0.0,0.0,0.0
VIRTUAL_GALAXY_HALO,36.59461292109106,80.80961923847696,1.0,0.0,0.0,0.0
VIRTUAL_GALAXY_HALO,37.20324997394377,81.10521042084169,1.0,0.0,0.0,0.0
VIRTUAL_GALAXY_HALO,37.823596174337396,81.40080160320642,1.0,0.0,0.0,0.0
VIRTUAL_GALAXY_HALO,38.45592128370693,81.69639278557115,1.0,0.0,0.0,0.0
VIRTUAL_GALAXY_HALO,39.10050239621182,81.99198396793588,1.0,0.0,0.0,0.0
VIRTUAL_GALAXY_HALO,39.75762416964184,82.28757515030061,1.0,0.0,0.0,0.0
VIRTUAL_GALAXY_COMPACT,0.10369807587501617,9.572144288577155,1.0,0.0,0.0,0.0
VIRTUAL_GALAXY_COMPACT,0.10757821467894249,9.867735470941884,1.0,0.0,0.0,0.0
VIRTUAL_GALAXY_COMPACT,0.1115048833507071,10.163326653306614,1.0,0.0,0.0,0.0
VIRTUAL_GALAXY_COMPACT,0.11547866270321382,10.458917835671343,1.0,0.0,0.0,0.0
VIRTUAL_GALAXY_COMPACT,0.11950014170262886,10.754509018036073,1.0,0.0,0.0,0.0
VIRTUAL_GALAXY_COMPACT,0.12356991759793737,11.050100200400802,1.0,0.0,0.0,0.0
VIRTUAL_GALAXY_COMPACT,0.12768859605281513,11.345691382765532,1.0,0.0,0.0,0.0
VIRTUAL_GALAXY_COMPACT,0.13185679127986252,11.641282565130261,1.0,0.0,0.0,0.0
VIRTUAL_GALAXY_COMPACT,0.13607512617724604,11.93687374749499,1.0,0.0,0.0,0.0
VIRTUAL_GALAXY_COMPACT,0.14034423246779779,12.23246492985972,1.0,0.0,0.0,0.0
VIRTUAL_GALAXY_COMPACT,0.14466475084061994,12.52805611222445,1.0,0.0,0.0,0.0
VIRTUAL_GALAXY_COMPACT,0.14903733109524675,12.823647294589179,1.0,0.0,0.0,0.0
VIRTUAL_GALAXY_COMPACT,0.1534626322884131,13.119238476953909,1.0,0.0,0.0,0.0
VIRTUAL_GALAXY_COMPACT,0.157941322883485,13.414829659318638,1.0,0.0,0.0,0.0
VIRTUAL_GALAXY_COMPACT,0.16247408090260332,13.710420841683367,1.0,0.0,0.0,0.0
VIRTUAL_GALAXY_COMPACT,0.16706159408159663,14.006012024048097,1.0,0.0,0.0,0.0
VIRTUAL_GALAXY_COMPACT,0.17170456002772075,14.301603206412826,1.0,0.0,0.0,0.0
VIRTUAL_GALAXY_COMPACT,0.17640368638027956,14.597194388777556,1.0,0.0,0.0,0.0
VIRTUAL_GALAXY_COMPACT,0.181159690974189,14.892785571142285,1.0,0.0,0.0,0.0
VIRTUAL_GALAXY_COMPACT,0.18597330200654144,15.188376753507015,1.0,0.0,0.0,0.0
VIRTUAL_GALAXY_COMPACT,0.19084525820623469,15.483967935871744,1.0,0.0,0.0,0.0
VIRTUAL_GALAXY_COMPACT,0.19577630900672593,15.779559118236474,1.0,0.0,0.0,0.0
VIRTUAL_GALAXY_COMPACT,0.20076721472197623,16.0751503006012,1.0,0.0,0.0,0.0
VIRTUAL_GALAXY_COMPACT,0.2058187467256518,16.370741482965933,1.0,0.0,0.0,0.0
VIRTUAL_GALAXY_COMPACT,0.21093168763364717,16.666332665330664,1.0,0.0,0.0,0.0
VIRTUAL_GALAXY_COMPACT,0.21610683149000193,16.96192384769539,1.0,0.0,0.0,0.0
VIRTUAL_GALAXY_COMPACT,0.22134498395627827,17.25751503006012,1.0,0.0,0.0,0.0
VIRTUAL_GALAXY_COMPACT,0.22664696250447425,17.55310621242485,1.0,0.0,0.0,0.0
VIRTUAL_GALAXY_COMPACT,0.23201359661354368,17.848697394789582,1.0,0.0,0.0,0.0
VIRTUAL_GALAXY_COMPACT,0.2374457279695996,18.14428857715431,1.0,0.0,0.0,0.0
VIRTUAL_GALAXY_COMPACT,0.24294421066987862,18.439879759519037,1.0,0.0,0.0,0.0
VIRTUAL_GALAXY_COMPACT,0.24850991143054266,18.73547094188377,1.0,0.0,0.0,0.0
VIRTUAL_GALAXY_COMPACT,0.2541437097984024,19.0310621242485,1.0,0.0,0.0,0.0
VIRTUAL_GALAXY_COMPACT,0.2598464983666403,19.326653306613228,1.0,0.0,0.0,0.0
VIRTUAL_GALAXY_COMPACT,0.265619182994623,19.622244488977955,1.0,0.0,0.0,0.0
VIRTUAL_GALAXY_COMPACT,0.2714626830318838,19.917835671342687,1.0,0.0,0.0,0.0
VIRTUAL_GALAXY_COMPACT,0.27737793154636853,20.213426853707418,1.0,0.0,0.0,0.0
VIRTUAL_GALAXY_COMPACT,0.28336587555703285,20.509018036072145,1.0,0.0,0.0,0.0
VIRTUAL_GALAXY_COMPACT,0.28942747627088244,20.804609218436873,1.0,0.0,0.0,0.0
VIRTUAL_GALAXY_COMPACT,0.29556370932455533,21.100200400801604,1.0,0.0,0.0,0.0
VIRTUAL_GALAXY_COMPACT,0.301775565030537,21.395791583166336,1.0,0.0,0.0,0.0
VIRTUAL_GALAXY_COMPACT,0.30806404862811426,21.691382765531063,1.0,0.0,0.0,0.0
VIRTUAL_GALAXY_COMPACT,0.3144301805391641,21.98697394789579,1.0,0.0,0.0,0.0
VIRTUAL_GALAXY_COMPACT,0.32087499662888525,22.282565130260522,1.0,0.0,0.0,0.0
VIRTUAL_GALAXY_COMPACT,0.32739954847157676,22.578156312625254,1.0,0.0,0.0,0.0
VIRTUAL_GALAXY_COMPACT,0.33400490362157376,22.87374749498998,1.0,0.0,0.0,0.0
VIRTUAL_GALAXY_COMPACT,0.3406921458894527,23.16933867735471,1.0,0.0,0.0,0.0
VIRTUAL_GALAXY_COMPACT,0.3474623756236187,23.46492985971944,1.0,0.0,0.0,0.0
VIRTUAL_GALAXY_COMPACT,0.3543167099973942,23.76052104208417,1.0,0.0,0.0,0.0
VIRTUAL_GALAXY_COMPACT,0.36125628330172593,24.0561122244489,1.0,0.0,0.0,0.0
VIRTUAL_GALAXY_COMPACT,0.3682822472436382,24.351703406813627,1.0,0.0,0.0,0.0
VIRTUAL_GALAXY_COMPACT,0.3753957712505517,24.647294589178358,1.0,0.0,0.0,0.0
VIRTUAL_GALAXY_COMPACT,0.3825980427806025,24.94288577154309,1.0,0.0,0.0,0.0
VIRTUAL_GALAXY_COMPACT,0.38989026763908946,25.238476953907817,1.0,0.0,0.0,0.0
VIRTUAL_GALAXY_COMPACT,0.39727367030118793,25.534068136272545,1.0,0.0,0.0,0.0
VIRTUAL_GALAXY_COMPACT,0.40474949424106643,25.829659318637276,1.0,0.0,0.0,0.0
VIRTUAL_GALAXY_COMPACT,0.41231900226754736,26.125250501002007,1.0,0.0,0.0,0.0
VIRTUAL_GALAXY_COMPACT,0.4199834768664623,26.420841683366735,1.0,0.0,0.0,0.0
VIRTUAL_GALAXY_COMPACT,0.4277442205498435,26.716432865731463,1.0,0.0,0.0,0.0
VIRTUAL_GALAXY_COMPACT,0.43560255621210997,27.012024048096194,1.0,0.0,0.0,0.0
VIRTUAL_GALAXY_COMPACT,0.44355982749340145,27.307615230460925,1.0,0.0,0.0,0.0
VIRTUAL_GALAXY_COMPACT,0.45161739915022275,27.603206412825653,1.0,0.0,0.0,0.0
VIRTUAL_GALAXY_COMPACT,0.4597766574335611,27.89879759519038,1.0,0.0,0.0,0.0
VIRTUAL_GALAXY_COMPACT,0.46803901047464447,28.194388777555112,1.0,0.0,0.0,0.0
VIRTUAL_GALAXY_COMPACT,0.47640588867851663,28.489979959919843,1.0,0.0,0.0,0.0
VIRTUAL_GALAXY_COMPACT,0.4848787451255997,28.78557114228457,1.0,0.0,0.0,0.0
VIRTUAL_GALAXY_COMPACT,0.4934590559814343,29.0811623246493,1.0,0.0,0.0,0.0
VIRTUAL_GALAXY_COMPACT,0.5021483209147738,29.37675350701403,1.0,0.0,0.0,0.0
VIRTUAL_GALAXY_COMPACT,0.5109480635242294,29.67234468937876,1.0,0.0,0.0,0.0
VIRTUAL_GALAXY_COMPACT,0.5198598317736598,29.96793587174349,1.0,0.0,0.0,0.0
VIRTUAL_GALAXY_COMPACT,0.5288851984365046,30.263527054108216,1.0,0.0,0.0,0.0
VIRTUAL_GALAXY_COMPACT,0.5380257615492685,30.559118236472948,1.0,0.0,0.0,0.0
VIRTUAL_GALAXY_COMPACT,0.5472831448743647,30.85470941883768,1.0,0.0,0.0,0.0
VIRTUAL_GALAXY_COMPACT,0.5566589983725364,31.150300601202407,1.0,0.0,0.0,0.0
VIRTUAL_GALAXY_COMPACT,0.5661549986850751,31.445891783567134,1.0,0.0,0.0,0.0
VIRTUAL_GALAXY_COMPACT,0.5757728496260642,31.741482965931866,1.0,0.0,0.0,0.0
VIRTUAL_GALAXY_COMPACT,0.5855142826848805,32.0370741482966,1.0,0.0,0.0,0.0
VIRTUAL_GALAXY_COMPACT,0.5953810575391928,32.33266533066133,1.0,0.0,0.0,0.0
VIRTUAL_GALAXY_COMPACT,0.6053749625787025,32.62825651302605,1.0,0.0,0.0,0.0
VIRTUAL_GALAXY_COMPACT,0.6154978154398778,32.92384769539078,1.0,0.0,0.0,0.0
VIRTUAL_GALAXY_COMPACT,0.62575146355194,33.219438877755515,1.0,0.0,0.0,0.0
VIRTUAL_GALAXY_COMPACT,0.6361377846943623,33.51503006012024,1.0,0.0,0.0,0.0
VIRTUAL_GALAXY_COMPACT,0.6466586875661633,33.81062124248497,1.0,0.0,0.0,0.0
VIRTUAL_GALAXY_COMPACT,0.6573161123672592,34.1062124248497,1.0,0.0,0.0,0.0
VIRTUAL_GALAXY_COMPACT,0.6681120313921732,34.40180360721443,1.0,0.0,0.0,0.0
VIRTUAL_GALAXY_COMPACT,0.6790484496363899,34.697394789579164,1.0,0.0,0.0,0.0
VIRTUAL_GALAXY_COMPACT,0.6901274054156536,34.99298597194389,1.0,0.0,0.0,0.0
VIRTUAL_GALAXY_COMPACT,0.7013509709985295,35.28857715430862,1.0,0.0,0.0,0.0
VIRTUAL_GALAXY_COMPACT,0.7127212532525271,35.58416833667335,1.0,0.0,0.0,0.0
VIRTUAL_GALAXY_COMPACT,0.7242403943041357,35.879759519038075,1.0,0.0,0.0,0.0
VIRTUAL_GALAXY_COMPACT,0.7359105722130826,36.175350701402806,1.0,0.0,0.0,0.0
VIRTUAL_GALAXY_COMPACT,0.7477340016611749,36.47094188376754,1.0,0.0,0.0,0.0
VIRTUAL_GALAXY_COMPACT,0.7597129346560655,36.76653306613227,1.0,0.0,0.0,0.0
VIRTUAL_GALAXY_COMPACT,0.771849661250314,37.062124248497,1.0,0.0,0.0,0.0
VIRTUAL_GALAXY_COMPACT,0.7841465102761073,37.357715430861724,1.0,0.0,0.0,0.0
VIRTUAL_GALAXY_COMPACT,0.7966058500960267,37.653306613226455,1.0,0.0,0.0,0.0
VIRTUAL_GALAXY_COMPACT,0.8092300893702505,37.948897795591186,1.0,0.0,0.0,0.0
VIRTUAL_GALAXY_COMPACT,0.8220216778405913,38.24448897795591,1.0,0.0,0.0,0.0
VIRTUAL_GALAXY_COMPACT,0.8349831071317938,38.54008016032064,1.0,0.0,0.0,0.0
VIRTUAL_GALAXY_COMPACT,0.8481169115705,38.83567134268537,1.0,0.0,0.0,0.0
VIRTUAL_GALAXY_COMPACT,0.8614256690223329,39.131262525050104,1.0,0.0,0.0,0.0
VIRTUAL_GALAXY_COMPACT,0.8749120017475415,39.426853707414836,1.0,0.0,0.0,0.0
VIRTUAL_GALAXY_COMPACT,0.8885785772756626,39.72244488977956,1.0,0.0,0.0,0.0
VIRTUAL_GALAXY_COMPACT,0.9024281092996853,40.01803607214429,1.0,0.0,0.0,0.0
VIRTUAL_GALAXY_COMPACT,0.9164633585901856,40.31362725450902,1.0,0.0,0.0,0.0
VIRTUAL_GALAXY_COMPACT,0.9306871339299527,40.609218436873746,1.0,0.0,0.0,0.0
VIRTUAL_GALAXY_COMPACT,0.9451022930696018,40.90480961923848,1.0,0.0,0.0,0.0
VIRTUAL_GALAXY_COMPACT,0.9597117437047104,41.20040080160321,1.0,0.0,0.0,0.0
VIRTUAL_GALAXY_COMPACT,0.9745184444750195,41.49599198396794,1.0,0.0,0.0,0.0
VIRTUAL_GALAXY_COMPACT,0.9895254059862559,41.79158316633267,1.0,0.0,0.0,0.0
VIRTUAL_GALAXY_COMPACT,1.0047356918551487,42.087174348697395,1.0,0.0,0.0,0.0
VIRTUAL_GALAXY_COMPACT,1.02015241977823,42.38276553106213,1.0,0.0,0.0,0.0
VIRTUAL_GALAXY_COMPACT,1.0357787626250274,42.67835671342686,1.0,0.0,0.0,0.0
VIRTUAL_GALAXY_COMPACT,1.0516179495562632,42.97394789579158,1.0,0.0,0.0,0.0
VIRTUAL_GALAXY_COMPACT,1.067673267167717,43.26953907815631,1.0,0.0,0.0,0.0
VIRTUAL_GALAXY_COMPACT,1.0839480606603888,43.565130260521045,1.0,0.0,0.0,0.0
VIRTUAL_GALAXY_COMPACT,1.1004457350376615,43.860721442885776,1.0,0.0,0.0,0.0
VIRTUAL_GALAXY_COMPACT,1.117169756330144,44.15631262525051,1.0,0.0,0.0,0.0
VIRTUAL_GALAXY_COMPACT,1.1341236528489198,44.45190380761523,1.0,0.0,0.0,0.0
VIRTUAL_GALAXY_COMPACT,1.1513110164679377,44.74749498997996,1.0,0.0,0.0,0.0
VIRTUAL_GALAXY_COMPACT,1.1687355039362948,45.043086172344694,1.0,0.0,0.0,0.0
VIRTUAL_GALAXY_COMPACT,1.1864008382212112,45.33867735470942,1.0,0.0,0.0,0.0
VIRTUAL_GALAXY_COMPACT,1.2043108098824755,45.63426853707415,1.0,0.0,0.0,0.0
VIRTUAL_GALAXY_COMPACT,1.2224692784792057,45.92985971943888,1.0,0.0,0.0,0.0
VIRTUAL_GALAXY_COMPACT,1.2408801740097692,46.22545090180361,1.0,0.0,0.0,0.0
VIRTUAL_GALAXY_COMPACT,1.2595474983857353,46.52104208416834,1.0,0.0,0.0,0.0
VIRTUAL_GALAXY_COMPACT,1.278475326940766,46.81663326653307,1.0,0.0,0.0,0.0
VIRTUAL_GALAXY_COMPACT,1.2976678099753682,47.1122244488978,1.0,0.0,0.0,0.0
VIRTUAL_GALAXY_COMPACT,1.3171291743384634,47.40781563126253,1.0,0.0,0.0,0.0
VIRTUAL_GALAXY_COMPACT,1.336863725046754,47.703406813627254,1.0,0.0,0.0,0.0
VIRTUAL_GALAXY_COMPACT,1.3568758469429112,47.998997995991985,1.0,0.0,0.0,0.0
VIRTUAL_GALAXY_COMPACT,1.377170006393606,48.294589178356716,1.0,0.0,0.0,0.0
VIRTUAL_GALAXY_COMPACT,1.3977507530284732,48.59018036072145,1.0,0.0,0.0,0.0
VIRTUAL_GALAXY_COMPACT,1.418622721521102,48.88577154308618,1.0,0.0,0.0,0.0
VIRTUAL_GALAXY_COMPACT,1.4397906334132027,49.1813627254509,1.0,0.0,0.0,0.0
VIRTUAL_GALAXY_COMPACT,1.4612592989831115,49.476953907815634,1.0,0.0,0.0,0.0
VIRTUAL_GALAXY_COMPACT,1.4830336191598374,49.772545090180365,1.0,0.0,0.0,0.0
VIRTUAL_GALAXY_COMPACT,1.5051185874839172,50.06813627254509,1.0,0.0,0.0,0.0
VIRTUAL_GALAXY_COMPACT,1.5275192921163299,50.36372745490982,1.0,0.0,0.0,0.0
VIRTUAL_GALAXY_COMPACT,1.5502409178968137,50.65931863727455,1.0,0.0,0.0,0.0
VIRTUAL_GALAXY_COMPACT,1.5732887484529374,50.95490981963928,1.0,0.0,0.0,0.0
VIRTUAL_GALAXY_COMPACT,1.596668168361329,51.250501002004015,1.0,0.0,0.0,0.0
VIRTUAL_GALAXY_COMPACT,1.6203846653625051,51.54609218436874,1.0,0.0,0.0,0.0
VIRTUAL_GALAXY_COMPACT,1.6444438326307977,51.84168336673347,1.0,0.0,0.0,0.0
VIRTUAL_GALAXY_COMPACT,1.6688513711009068,52.1372745490982,1.0,0.0,0.0,0.0
VIRTUAL_GALAXY_COMPACT,1.6936130918526562,52.432865731462925,1.0,0.0,0.0,0.0
VIRTUAL_GALAXY_COMPACT,1.7187349185556138,52.72845691382766,1.0,0.0,0.0,0.0
VIRTUAL_GALAXY_COMPACT,1.744222889975212,53.02404809619239,1.0,0.0,0.0,0.0
VIRTUAL_GALAXY_COMPACT,1.7700831625421476,53.31963927855712,1.0,0.0,0.0,0.0
VIRTUAL_GALAXY_COMPACT,1.796322012986827,53.61523046092185,1.0,0.0,0.0,0.0
VIRTUAL_GALAXY_COMPACT,1.8229458410407073,53.910821643286575,1.0,0.0,0.0,0.0
VIRTUAL_GALAXY_COMPACT,1.8499611722064466,54.206412825651306,1.0,0.0,0.0,0.0
VIRTUAL_GALAXY_COMPACT,1.8773746605987998,54.50200400801604,1.0,0.0,0.0,0.0
VIRTUAL_GALAXY_COMPACT,1.9051930918583335,54.79759519038076,1.0,0.0,0.0,0.0
VIRTUAL_GALAXY_COMPACT,1.9334233861399985,55.09318637274549,1.0,0.0,0.0,0.0
VIRTUAL_GALAXY_COMPACT,1.962072601178755,55.388777555110224,1.0,0.0,0.0,0.0
VIRTUAL_GALAXY_COMPACT,1.99114793543446,55.684368737474955,1.0,0.0,0.0,0.0
VIRTUAL_GALAXY_COMPACT,2.0206567313183164,55.979959919839686,1.0,0.0,0.0,0.0
VIRTUAL_GALAXY_COMPACT,2.050606478503258,56.27555110220441,1.0,0.0,0.0,0.0
VIRTUAL_GALAXY_COMPACT,2.0810048173207187,56.57114228456914,1.0,0.0,0.0,0.0
VIRTUAL_GALAXY_COMPACT,2.1118595422463105,56.86673346693387,1.0,0.0,0.0,0.0
VIRTUAL_GALAXY_COMPACT,2.143178605477014,57.1623246492986,1.0,0.0,0.0,0.0
VIRTUAL_GALAXY_COMPACT,2.174970120602599,57.45791583166333,1.0,0.0,0.0,0.0
VIRTUAL_GALAXY_COMPACT,2.2072423663740235,57.75350701402806,1.0,0.0,0.0,0.0
VIRTUAL_GALAXY_COMPACT,2.2400037905717083,58.04909819639279,1.0,0.0,0.0,0.0
VIRTUAL_GALAXY_COMPACT,2.273263013976654,58.34468937875752,1.0,0.0,0.0,0.0
VIRTUAL_GALAXY_COMPACT,2.307028834447455,58.640280561122246,1.0,0.0,0.0,0.0
VIRTUAL_GALAXY_COMPACT,2.3413102311063883,58.93587174348698,1.0,0.0,0.0,0.0
VIRTUAL_GALAXY_COMPACT,2.3761163686378333,59.23146292585171,1.0,0.0,0.0,0.0
VIRTUAL_GALAXY_COMPACT,2.4114566017024384,59.52705410821643,1.0,0.0,0.0,0.0
VIRTUAL_GALAXY_COMPACT,2.4473404794704834,59.822645290581164,1.0,0.0,0.0,0.0
VIRTUAL_GALAXY_COMPACT,2.483777750278086,60.118236472945895,1.0,0.0,0.0,0.0
VIRTUAL_GALAXY_COMPACT,2.5207783664099646,60.41382765531063,1.0,0.0,0.0,0.0
VIRTUAL_GALAXY_COMPACT,2.55835248901263,60.70941883767536,1.0,0.0,0.0,0.0
VIRTUAL_GALAXY_COMPACT,2.59651049314198,61.00501002004008,1.0,0.0,0.0,0.0
VIRTUAL_GALAXY_COMPACT,2.6352629729494357,61.30060120240481,1.0,0.0,0.0,0.0
VIRTUAL_GALAXY_COMPACT,2.6746207470108865,61.596192384769545,1.0,0.0,0.0,0.0
VIRTUAL_GALAXY_COMPACT,2.714594863802825,61.89178356713427,1.0,0.0,0.0,0.0
VIRTUAL_GALAXY_COMPACT,2.7551966073302947,62.187374749499,1.0,0.0,0.0,0.0
VIRTUAL_GALAXY_COMPACT,2.796437502911296,62.48296593186373,1.0,0.0,0.0,0.0
VIRTUAL_GALAXY_COMPACT,2.838329323122593,62.77855711422846,1.0,0.0,0.0,0.0
VIRTUAL_GALAXY_COMPACT,2.880884093911949,63.074148296593194,1.0,0.0,0.0,0.0
VIRTUAL_GALAXY_COMPACT,2.9241141008820044,63.36973947895792,1.0,0.0,0.0,0.0
VIRTUAL_GALAXY_COMPACT,2.9680318957512473,63.66533066132265,1.0,0.0,0.0,0.0
VIRTUAL_GALAXY_COMPACT,3.01265030299761,63.96092184368738,1.0,0.0,0.0,0.0
VIRTUAL_GALAXY_COMPACT,3.0579824266905775,64.2565130260521,1.0,0.0,0.0,0.0
VIRTUAL_GALAXY_COMPACT,3.1040416575177128,64.55210420841684,1.0,0.0,0.0,0.0
VIRTUAL_GALAXY_COMPACT,3.1508416800118755,64.84769539078157,1.0,0.0,0.0,0.0
VIRTUAL_GALAXY_COMPACT,3.198396479985546,65.1432865731463,1.0,0.0,0.0,0.0
VIRTUAL_GALAXY_COMPACT,3.2467203521789076,65.43887775551103,1.0,0.0,0.0,0.0
VIRTUAL_GALAXY_COMPACT,3.2958279081285977,65.73446893787576,1.0,0.0,0.0,0.0
VIRTUAL_GALAXY_COMPACT,3.3457340842642713,66.03006012024048,1.0,0.0,0.0,0.0
VIRTUAL_GALAXY_COMPACT,3.396454150240385,66.32565130260521,1.0,0.0,0.0,0.0
VIRTUAL_GALAXY_COMPACT,3.448003717510842,66.62124248496994,1.0,0.0,0.0,0.0
VIRTUAL_GALAXY_COMPACT,3.5003987481545034,66.91683366733467,1.0,0.0,0.0,0.0
VIRTUAL_GALAXY_COMPACT,3.5536555639597505,67.2124248496994,1.0,0.0,0.0,0.0
VIRTUAL_GALAXY_COMPACT,3.607790855776661,67.50801603206413,1.0,0.0,0.0,0.0
VIRTUAL_GALAXY_COMPACT,3.662821693145647,67.80360721442887,1.0,0.0,0.0,0.0
VIRTUAL_GALAXY_COMPACT,3.7187655342117254,68.0991983967936,1.0,0.0,0.0,0.0
VIRTUAL_GALAXY_COMPACT,3.775640235933934,68.39478957915833,1.0,0.0,0.0,0.0
VIRTUAL_GALAXY_COMPACT,3.8334640645997733,68.69038076152304,1.0,0.0,0.0,0.0
VIRTUAL_GALAXY_COMPACT,3.8922557066548906,68.98597194388778,1.0,0.0,0.0,0.0
VIRTUAL_GALAXY_COMPACT,3.9520342798586166,69.28156312625251,1.0,0.0,0.0,0.0
VIRTUAL_GALAXY_COMPACT,4.012819344776383,69.57715430861724,1.0,0.0,0.0,0.0
VIRTUAL_GALAXY_COMPACT,4.074630916620439,69.87274549098197,1.0,0.0,0.0,0.0
VIRTUAL_GALAXY_COMPACT,4.1374894774507105,70.1683366733467,1.0,0.0,0.0,0.0
VIRTUAL_GALAXY_COMPACT,4.201415988748111,70.46392785571143,1.0,0.0,0.0,0.0
VIRTUAL_GALAXY_COMPACT,4.266431904373088,70.75951903807615,1.0,0.0,0.0,0.0
VIRTUAL_GALAXY_COMPACT,4.332559183922641,71.05511022044088,1.0,0.0,0.0,0.0
VIRTUAL_GALAXY_COMPACT,4.399820306499576,71.35070140280561,1.0,0.0,0.0,0.0
VIRTUAL_GALAXY_COMPACT,4.468238284908303,71.64629258517034,1.0,0.0,0.0,0.0
VIRTUAL_GALAXY_COMPACT,4.53783668029201,71.94188376753507,1.0,0.0,0.0,0.0
VIRTUAL_GALAXY_COMPACT,4.608639617226628,72.2374749498998,1.0,0.0,0.0,0.0
VIRTUAL_GALAXY_COMPACT,4.680671799287601,72.53306613226454,1.0,0.0,0.0,0.0
VIRTUAL_GALAXY_COMPACT,4.753958525106103,72.82865731462927,1.0,0.0,0.0,0.0
VIRTUAL_GALAXY_COMPACT,4.8285257049319945,73.124248496994,1.0,0.0,0.0,0.0
VIRTUAL_GALAXY_COMPACT,4.904399877721468,73.41983967935872,1.0,0.0,0.0,0.0
VIRTUAL_GALAXY_COMPACT,4.981608228768104,73.71543086172345,1.0,0.0,0.0,0.0
VIRTUAL_GALAXY_COMPACT,5.060178607896671,74.01102204408818,1.0,0.0,0.0,0.0
VIRTUAL_GALAXY_COMPACT,5.1401395482399606,74.30661322645291,1.0,0.0,0.0,0.0
VIRTUAL_GALAXY_COMPACT,5.221520285619556,74.60220440881764,1.0,0.0,0.0,0.0
VIRTUAL_GALAXY_COMPACT,5.304350778552423,74.89779559118237,1.0,0.0,0.0,0.0
VIRTUAL_GALAXY_COMPACT,5.388661728906005,75.1933867735471,1.0,0.0,0.0,0.0
VIRTUAL_GALAXY_COMPACT,5.4744846032254495,75.48897795591182,1.0,0.0,0.0,0.0
VIRTUAL_GALAXY_COMPACT,5.561851654757584,75.78456913827655,1.0,0.0,0.0,0.0
VIRTUAL_GALAXY_COMPACT,5.650795946197135,76.08016032064128,1.0,0.0,0.0,0.0
VIRTUAL_GALAXY_COMPACT,5.741351373181918,76.37575150300601,1.0,0.0,0.0,0.0
VIRTUAL_GALAXY_COMPACT,5.8335526885646525,76.67134268537075,1.0,0.0,0.0,0.0
VIRTUAL_GALAXY_COMPACT,5.9274355274902675,76.96693386773548,1.0,0.0,0.0,0.0
VIRTUAL_GALAXY_COMPACT,6.023036433308766,77.26252505010021,1.0,0.0,0.0,0.0
VIRTUAL_GALAXY_COMPACT,6.120392884354922,77.55811623246494,1.0,0.0,0.0,0.0
VIRTUAL_GALAXY_COMPACT,6.219543321627418,77.85370741482967,1.0,0.0,0.0,0.0
VIRTUAL_GALAXY_COMPACT,6.320527177401393,78.14929859719439,1.0,0.0,0.0,0.0
VIRTUAL_GALAXY_COMPACT,6.42338490480979,78.44488977955912,1.0,0.0,0.0,0.0
VIRTUAL_GALAXY_COMPACT,6.528158008430344,78.74048096192385,1.0,0.0,0.0,0.0
VIRTUAL_GALAXY_COMPACT,6.634889075916716,79.03607214428858,1.0,0.0,0.0,0.0
VIRTUAL_GALAXY_COMPACT,6.743621810713809,79.33166332665331,1.0,0.0,0.0,0.0
VIRTUAL_GALAXY_COMPACT,6.85440106589906,79.62725450901804,1.0,0.0,0.0,0.0
VIRTUAL_GALAXY_COMPACT,6.967272879193283,79.92284569138278,1.0,0.0,0.0,0.0
VIRTUAL_GALAXY_COMPACT,7.082284509186529,80.21843687374749,1.0,0.0,0.0,0.0
VIRTUAL_GALAXY_COMPACT,7.199484472826402,80.51402805611222,1.0,0.0,0.0,0.0
VIRTUAL_GALAXY_COMPACT,7.318922584218212,80.80961923847696,1.0,0.0,0.0,0.0
VIRTUAL_GALAXY_COMPACT,7.440649994788755,81.10521042084169,1.0,0.0,0.0,0.0
VIRTUAL_GALAXY_COMPACT,7.564719234867479,81.40080160320642,1.0,0.0,0.0,0.0
VIRTUAL_GALAXY_COMPACT,7.691184256741385,81.69639278557115,1.0,0.0,0.0,0.0
VIRTUAL_GALAXY_COMPACT,7.820100479242366,81.99198396793588,1.0,0.0,0.0,0.0
VIRTUAL_GALAXY_COMPACT,7.951524833928368,82.28757515030061,1.0,0.0,0.0,0.0
VIRTUAL_GALAXY_COMPACT,8.085515812922463,82.58316633266534,1.0,0.0,0.0,0.0
VIRTUAL_GALAXY_COMPACT,8.222133518476753,82.87875751503006,1.0,0.0,0.0,0.0
VIRTUAL_GALAXY_COMPACT,8.36143971433117,83.17434869739479,1.0,0.0,0.0,0.0
VIRTUAL_GALAXY_COMPACT,8.503497878940122,83.46993987975952,1.0,0.0,0.0,0.0
VIRTUAL_GALAXY_COMPACT,8.648373260643622,83.76553106212425,1.0,0.0,0.0,0.0
VIRTUAL_GALAXY_COMPACT,8.796132934862687,84.06112224448898,1.0,0.0,0.0,0.0
VIRTUAL_GALAXY_COMPACT,8.946845863402626,84.35671342685372,1.0,0.0,0.0,0.0
VIRTUAL_GALAXY_COMPACT,9.100582955951632,84.65230460921845,1.0,0.0,0.0,0.0
VIRTUAL_GALAXY_COMPACT,9.257417133866118,84.94789579158316,1.0,0.0,0.0,0.0
VIRTUAL_GALAXY_COMPACT,9.417423396338535,85.2434869739479,1.0,0.0,0.0,0.0
VIRTUAL_GALAXY_COMPACT,9.580678889047684,85.53907815631263,1.0,0.0,0.0,0.0
VIRTUAL_GALAXY_COMPACT,9.747262975396545,85.83466933867736,1.0,0.0,0.0,0.0
VIRTUAL_GALAXY_COMPACT,9.917257310447237,86.13026052104209,1.0,0.0,0.0,0.0
VIRTUAL_GALAXY_COMPACT,10.090745917668096,86.42585170340682,1.0,0.0,0.0,0.0
VIRTUAL_GALAXY_COMPACT,10.26781526861327,86.72144288577155,1.0,0.0,0.0,0.0
VIRTUAL_GALAXY_COMPACT,10.448554365660971,87.01703406813628,1.0,0.0,0.0,0.0
VIRTUAL_GALAXY_COMPACT,10.633054827942516,87.31262525050101,1.0,0.0,0.0,0.0
VIRTUAL_GALAXY_COMPACT,10.821410980600731,87.60821643286573,1.0,0.0,0.0,0.0
VIRTUAL_GALAXY_COMPACT,11.013719947522958,87.90380761523046,1.0,0.0,0.0,0.0
VIRTUAL_GALAXY_COMPACT,11.210081747700803,88.1993987975952,1.0,0.0,0.0,0.0
VIRTUAL_GALAXY_COMPACT,11.410599395376574,88.49498997995993,1.0,0.0,0.0,0.0
VIRTUAL_GALAXY_COMPACT,11.615379004143703,88.79058116232466,1.0,0.0,0.0,0.0
VIRTUAL_GALAXY_COMPACT,11.824529895177143,89.08617234468939,1.0,0.0,0.0,0.0
VIRTUAL_GALAXY_COMPACT,12.03816470977808,89.38176352705412,1.0,0.0,0.0,0.0
VIRTUAL_GALAXY_COMPACT,12.256399526426721,89.67735470941884,1.0,0.0,0.0,0.0
VIRTUAL_GALAXY_COMPACT,12.479353982546566,89.97294589178357,1.0,0.0,0.0,0.0
VIRTUAL_GALAXY_COMPACT,12.707151401193517,90.2685370741483,1.0,0.0,0.0,0.0
VIRTUAL_GALAXY_COMPACT,12.939918922894456,90.56412825651303,1.0,0.0,0.0,0.0
VIRTUAL_GALAXY_COMPACT,13.177787642870854,90.85971943887776,1.0,0.0,0.0,0.0
VIRTUAL_GALAXY_COMPACT,13.420892753895176,91.15531062124249,1.0,0.0,0.0,0.0
VIRTUAL_GALAXY_COMPACT,13.669373695040617,91.45090180360722,1.0,0.0,0.0,0.0
VIRTUAL_GALAXY_COMPACT,13.92337430659796,91.74649298597195,1.0,0.0,0.0,0.0
VIRTUAL_GALAXY_COMPACT,14.18304299144762,92.04208416833669,1.0,0.0,0.0,0.0
VIRTUAL_GALAXY_COMPACT,14.448532883189912,92.3376753507014,1.0,0.0,0.0,0.0
VIRTUAL_GALAXY_COMPACT,14.720002021352453,92.63326653306613,1.0,0.0,0.0,0.0
VIRTUAL_GALAXY_COMPACT,14.997613534010219,92.92885771543087,1.0,0.0,0.0,0.0
VIRTUAL_GALAXY_COMPACT,15.281535828171764,93.2244488977956,1.0,0.0,0.0,0.0
VIRTUAL_GALAXY_COMPACT,15.571942788303698,93.52004008016033,1.0,0.0,0.0,0.0
VIRTUAL_GALAXY_COMPACT,15.869013983385386,93.81563126252506,1.0,0.0,0.0,0.0
VIRTUAL_GALAXY_COMPACT,16.17293488290697,94.11122244488979,1.0,0.0,0.0,0.0
VIRTUAL_GALAXY_COMPACT,16.483897082246028,94.40681362725451,1.0,0.0,0.0,0.0
VIRTUAL_GALAXY_COMPACT,16.802098537881868,94.70240480961924,1.0,0.0,0.0,0.0
VIRTUAL_GALAXY_COMPACT,17.127743812931303,94.99799599198397,1.0,0.0,0.0,0.0
VIRTUAL_GALAXY_COMPACT,17.46104433351661,95.2935871743487,1.0,0.0,0.0,0.0
VIRTUAL_GALAXY_COMPACT,17.802218656504145,95.58917835671343,1.0,0.0,0.0,0.0
VIRTUAL_GALAXY_COMPACT,18.15149274918227,95.88476953907816,1.0,0.0,0.0,0.0
VIRTUAL_GALAXY_COMPACT,18.50910028147867,96.1803607214429,1.0,0.0,0.0,0.0
VIRTUAL_GALAXY_COMPACT,18.875282931350934,96.47595190380763,1.0,0.0,0.0,0.0
VIRTUAL_GALAXY_COMPACT,19.25029070401993,96.77154308617236,1.0,0.0,0.0,0.0
VIRTUAL_GALAXY_COMPACT,19.63438226575337,97.06713426853707,1.0,0.0,0.0,0.0
VIRTUAL_GALAXY_COMPACT,20.027825292947558,97.3627254509018,1.0,0.0,0.0,0.0
VIRTUAL_GALAXY_COMPACT,20.430896837297446,97.65831663326654,1.0,0.0,0.0,0.0
VIRTUAL_GALAXY_COMPACT,20.843883707891823,97.95390781563127,1.0,0.0,0.0,0.0
VIRTUAL_GALAXY_COMPACT,21.267082871117683,98.249498997996,1.0,0.0,0.0,0.0
VIRTUAL_GALAXY_COMPACT,21.70080186931027,98.54509018036073,1.0,0.0,0.0,0.0
VIRTUAL_GALAXY_COMPACT,22.145359259139685,98.84068136272546,1.0,0.0,0.0,0.0
VIRTUAL_GALAXY_COMPACT,22.601085070783615,99.13627254509018,1.0,0.0,0.0,0.0
VIRTUAL_GALAXY_COMPACT,23.068321288997915,99.43186372745491,1.0,0.0,0.0,0.0
VIRTUAL_GALAXY_COMPACT,23.547422357262757,99.72745490981964,1.0,0.0,0.0,0.0
VIRTUAL_GALAXY_COMPACT,24.03875570625348,100.02304609218437,1.0,0.0,0.0,0.0
VIRTUAL_GALAXY_COMPACT,24.542702307959825,100.3186372745491,1.0,0.0,0.0,0.0
VIRTUAL_GALAXY_COMPACT,25.05965725685813,100.61422845691384,1.0,0.0,0.0,0.0
VIRTUAL_GALAXY_COMPACT,25.590030379626633,100.90981963927857,1.0,0.0,0.0,0.0
VIRTUAL_GALAXY_COMPACT,26.134246874985692,101.2054108216433,1.0,0.0,0.0,0.0
VIRTUAL_GALAXY_COMPACT,26.69274798534243,101.50100200400803,1.0,0.0,0.0,0.0
VIRTUAL_GALAXY_COMPACT,27.26599170202386,101.79659318637275,1.0,0.0,0.0,0.0
VIRTUAL_GALAXY_COMPACT,27.854453505994233,102.09218436873748,1.0,0.0,0.0,0.0
VIRTUAL_GALAXY_COMPACT,28.458627146071265,102.38777555110221,1.0,0.0,0.0,0.0
VIRTUAL_GALAXY_COMPACT,29.07902545678456,102.68336673346694,1.0,0.0,0.0,0.0
VIRTUAL_GALAXY_COMPACT,29.716181218154937,102.97895791583167,1.0,0.0,0.0,0.0
VIRTUAL_GALAXY_COMPACT,30.37064805982069,103.2745490981964,1.0,0.0,0.0,0.0
VIRTUAL_GALAXY_COMPACT,31.04300141209259,103.57014028056113,1.0,0.0,0.0,0.0
VIRTUAL_GALAXY_COMPACT,31.733839506687854,103.86573146292585,1.0,0.0,0.0,0.0
VIRTUAL_GALAXY_COMPACT,32.44378443007292,104.16132264529058,1.0,0.0,0.0,0.0
VIRTUAL_GALAXY_COMPACT,33.17348323253725,104.45691382765531,1.0,0.0,0.0,0.0
VIRTUAL_GALAXY_COMPACT,33.923609096328455,104.75250501002004,1.0,0.0,0.0,0.0
VIRTUAL_GALAXY_COMPACT,34.694862566399706,105.04809619238478,1.0,0.0,0.0,0.0
VIRTUAL_GALAXY_COMPACT,35.487972847559824,105.3436873747495,1.0,0.0,0.0,0.0
VIRTUAL_GALAXY_COMPACT,36.30369917207199,105.63927855711424,1.0,0.0,0.0,0.0
VIRTUAL_GALAXY_COMPACT,37.14283224202254,105.93486973947897,1.0,0.0,0.0,0.0
VIRTUAL_GALAXY_COMPACT,38.00619575107733,106.2304609218437,1.0,0.0,0.0,0.0
VIRTUAL_GALAXY_COMPACT,38.894647990561054,106.52605210420842,1.0,0.0,0.0,0.0
VIRTUAL_GALAXY_COMPACT,39.80908354513857,106.82164328657315,1.0,0.0,0.0,0.0
VIRTUAL_GALAXY_DISK,0.10135375475579844,2.182364729458918,1.0,0.0,0.0,0.0
VIRTUAL_GALAXY_DISK,0.115774808129553,2.4779559118236474,1.0,0.0,0.0,0.0
VIRTUAL_GALAXY_DISK,0.13036747588421138,2.773547094188377,1.0,0.0,0.0,0.0
VIRTUAL_GALAXY_DISK,0.14513382377835488,3.0691382765531063,1.0,0.0,0.0,0.0
VIRTUAL_GALAXY_DISK,0.16007594532125066,3.364729458917836,1.0,0.0,0.0,0.0
VIRTUAL_GALAXY_DISK,0.17519596219349431,3.6603206412825653,1.0,0.0,0.0,0.0
VIRTUAL_GALAXY_DISK,0.1904960246748127,3.9559118236472948,1.0,0.0,0.0,0.0
VIRTUAL_GALAXY_DISK,0.20597831207916115,4.251503006012024,1.0,0.0,0.0,0.0
VIRTUAL_GALAXY_DISK,0.22164503319725318,4.547094188376754,1.0,0.0,0.0,0.0
VIRTUAL_GALAXY_DISK,0.23749842674666716,4.842685370741483,1.0,0.0,0.0,0.0
VIRTUAL_GALAXY_DISK,0.2535407618296692,5.138276553106213,1.0,0.0,0.0,0.0
VIRTUAL_GALAXY_DISK,0.2697743383989062,5.433867735470942,1.0,0.0,0.0,0.0
VIRTUAL_GALAXY_DISK,0.28620148773111215,5.729458917835672,1.0,0.0,0.0,0.0
VIRTUAL_GALAXY_DISK,0.3028245729089898,6.025050100200401,1.0,0.0,0.0,0.0
VIRTUAL_GALAXY_DISK,0.31964598931141647,6.320641282565131,1.0,0.0,0.0,0.0
VIRTUAL_GALAXY_DISK,0.33666816511214,6.61623246492986,1.0,0.0,0.0,0.0
VIRTUAL_GALAXY_DISK,0.35389356178712744,6.9118236472945895,1.0,0.0,0.0,0.0
VIRTUAL_GALAXY_DISK,0.37132467463073104,7.207414829659319,1.0,0.0,0.0,0.0
VIRTUAL_GALAXY_DISK,0.3889640332808469,7.5030060120240485,1.0,0.0,0.0,0.0
VIRTUAL_GALAXY_DISK,0.40681420225323495,7.798597194388778,1.0,0.0,0.0,0.0
VIRTUAL_GALAXY_DISK,0.4248777814851858,8.094188376753507,1.0,0.0,0.0,0.0
VIRTUAL_GALAXY_DISK,0.443157406888709,8.389779559118237,1.0,0.0,0.0,0.0
VIRTUAL_GALAXY_DISK,0.46165575091343325,8.685370741482966,1.0,0.0,0.0,0.0
VIRTUAL_GALAXY_DISK,0.48037552311940823,8.980961923847696,1.0,0.0,0.0,0.0
VIRTUAL_GALAXY_DISK,0.49931947076,9.276553106212425,1.0,0.0,0.0,0.0
VIRTUAL_GALAXY_DISK,0.5184903793750809,9.572144288577155,1.0,0.0,0.0,0.0
VIRTUAL_GALAXY_DISK,0.5378910733947125,9.867735470941884,1.0,0.0,0.0,0.0
VIRTUAL_GALAXY_DISK,0.5575244167535355,10.163326653306614,1.0,0.0,0.0,0.0
VIRTUAL_GALAXY_DISK,0.577393313516069,10.458917835671343,1.0,0.0,0.0,0.0
VIRTUAL_GALAXY_DISK,0.5975007085131443,10.754509018036073,1.0,0.0,0.0,0.0
VIRTUAL_GALAXY_DISK,0.6178495879896868,11.050100200400802,1.0,0.0,0.0,0.0
VIRTUAL_GALAXY_DISK,0.6384429802640755,11.345691382765532,1.0,0.0,0.0,0.0
VIRTUAL_GALAXY_DISK,0.6592839563993126,11.641282565130261,1.0,0.0,0.0,0.0
VIRTUAL_GALAXY_DISK,0.6803756308862301,11.93687374749499,1.0,0.0,0.0,0.0
VIRTUAL_GALAXY_DISK,0.7017211623389888,12.23246492985972,1.0,0.0,0.0,0.0
VIRTUAL_GALAXY_DISK,0.7233237542030998,12.52805611222445,1.0,0.0,0.0,0.0
VIRTUAL_GALAXY_DISK,0.7451866554762338,12.823647294589179,1.0,0.0,0.0,0.0
VIRTUAL_GALAXY_DISK,0.7673131614420654,13.119238476953909,1.0,0.0,0.0,0.0
VIRTUAL_GALAXY_DISK,0.7897066144174251,13.414829659318638,1.0,0.0,0.0,0.0
VIRTUAL_GALAXY_DISK,0.8123704045130166,13.710420841683367,1.0,0.0,0.0,0.0
VIRTUAL_GALAXY_DISK,0.8353079704079832,14.006012024048097,1.0,0.0,0.0,0.0
VIRTUAL_GALAXY_DISK,0.8585228001386037,14.301603206412826,1.0,0.0,0.0,0.0
VIRTUAL_GALAXY_DISK,0.8820184319013977,14.597194388777556,1.0,0.0,0.0,0.0
VIRTUAL_GALAXY_DISK,0.905798454870945,14.892785571142285,1.0,0.0,0.0,0.0
VIRTUAL_GALAXY_DISK,0.9298665100327071,15.188376753507015,1.0,0.0,0.0,0.0
VIRTUAL_GALAXY_DISK,0.9542262910311735,15.483967935871744,1.0,0.0,0.0,0.0
VIRTUAL_GALAXY_DISK,0.9788815450336298,15.779559118236474,1.0,0.0,0.0,0.0
VIRTUAL_GALAXY_DISK,1.0038360736098813,16.0751503006012,1.0,0.0,0.0,0.0
VIRTUAL_GALAXY_DISK,1.029093733628259,16.370741482965933,1.0,0.0,0.0,0.0
VIRTUAL_GALAXY_DISK,1.0546584381682358,16.666332665330664,1.0,0.0,0.0,0.0
VIRTUAL_GALAXY_DISK,1.0805341574500096,16.96192384769539,1.0,0.0,0.0,0.0
VIRTUAL_GALAXY_DISK,1.1067249197813913,17.25751503006012,1.0,0.0,0.0,0.0
VIRTUAL_GALAXY_DISK,1.133234812522371,17.55310621242485,1.0,0.0,0.0,0.0
VIRTUAL_GALAXY_DISK,1.1600679830677185,17.848697394789582,1.0,0.0,0.0,0.0
VIRTUAL_GALAXY_DISK,1.187228639847998,18.14428857715431,1.0,0.0,0.0,0.0
VIRTUAL_GALAXY_DISK,1.214721053349393,18.439879759519037,1.0,0.0,0.0,0.0
VIRTUAL_GALAXY_DISK,1.2425495571527134,18.73547094188377,1.0,0.0,0.0,0.0
VIRTUAL_GALAXY_DISK,1.2707185489920119,19.0310621242485,1.0,0.0,0.0,0.0
VIRTUAL_GALAXY_DISK,1.2992324918332014,19.326653306613228,1.0,0.0,0.0,0.0
VIRTUAL_GALAXY_DISK,1.3280959149731149,19.622244488977955,1.0,0.0,0.0,0.0
VIRTUAL_GALAXY_DISK,1.3573134151594188,19.917835671342687,1.0,0.0,0.0,0.0
VIRTUAL_GALAXY_DISK,1.3868896577318428,20.213426853707418,1.0,0.0,0.0,0.0
VIRTUAL_GALAXY_DISK,1.4168293777851642,20.509018036072145,1.0,0.0,0.0,0.0
VIRTUAL_GALAXY_DISK,1.4471373813544124,20.804609218436873,1.0,0.0,0.0,0.0
VIRTUAL_GALAXY_DISK,1.4778185466227767,21.100200400801604,1.0,0.0,0.0,0.0
VIRTUAL_GALAXY_DISK,1.5088778251526849,21.395791583166336,1.0,0.0,0.0,0.0
VIRTUAL_GALAXY_DISK,1.5403202431405711,21.691382765531063,1.0,0.0,0.0,0.0
VIRTUAL_GALAXY_DISK,1.5721509026958205,21.98697394789579,1.0,0.0,0.0,0.0
VIRTUAL_GALAXY_DISK,1.6043749831444263,22.282565130260522,1.0,0.0,0.0,0.0
VIRTUAL_GALAXY_DISK,1.6369977423578836,22.578156312625254,1.0,0.0,0.0,0.0
VIRTUAL_GALAXY_DISK,1.6700245181078686,22.87374749498998,1.0,0.0,0.0,0.0
VIRTUAL_GALAXY_DISK,1.7034607294472635,23.16933867735471,1.0,0.0,0.0,0.0
VIRTUAL_GALAXY_DISK,1.7373118781180936,23.46492985971944,1.0,0.0,0.0,0.0
VIRTUAL_GALAXY_DISK,1.7715835499869712,23.76052104208417,1.0,0.0,0.0,0.0
VIRTUAL_GALAXY_DISK,1.8062814165086298,24.0561122244489,1.0,0.0,0.0,0.0
VIRTUAL_GALAXY_DISK,1.841411236218191,24.351703406813627,1.0,0.0,0.0,0.0
VIRTUAL_GALAXY_DISK,1.8769788562527585,24.647294589178358,1.0,0.0,0.0,0.0
VIRTUAL_GALAXY_DISK,1.9129902139030124,24.94288577154309,1.0,0.0,0.0,0.0
VIRTUAL_GALAXY_DISK,1.9494513381954475,25.238476953907817,1.0,0.0,0.0,0.0
VIRTUAL_GALAXY_DISK,1.9863683515059396,25.534068136272545,1.0,0.0,0.0,0.0
VIRTUAL_GALAXY_DISK,2.0237474712053323,25.829659318637276,1.0,0.0,0.0,0.0
VIRTUAL_GALAXY_DISK,2.061595011337737,26.125250501002007,1.0,0.0,0.0,0.0
VIRTUAL_GALAXY_DISK,2.099917384332312,26.420841683366735,1.0,0.0,0.0,0.0
VIRTUAL_GALAXY_DISK,2.1387211027492175,26.716432865731463,1.0,0.0,0.0,0.0
VIRTUAL_GALAXY_DISK,2.17801278106055,27.012024048096194,1.0,0.0,0.0,0.0
VIRTUAL_GALAXY_DISK,2.217799137467007,27.307615230460925,1.0,0.0,0.0,0.0
VIRTUAL_GALAXY_DISK,2.258086995751114,27.603206412825653,1.0,0.0,0.0,0.0
VIRTUAL_GALAXY_DISK,2.2988832871678055,27.89879759519038,1.0,0.0,0.0,0.0
VIRTUAL_GALAXY_DISK,2.3401950523732222,28.194388777555112,1.0,0.0,0.0,0.0
VIRTUAL_GALAXY_DISK,2.3820294433925833,28.489979959919843,1.0,0.0,0.0,0.0
VIRTUAL_GALAXY_DISK,2.4243937256279984,28.78557114228457,1.0,0.0,0.0,0.0
VIRTUAL_GALAXY_DISK,2.4672952799071717,29.0811623246493,1.0,0.0,0.0,0.0
VIRTUAL_GALAXY_DISK,2.510741604573869,29.37675350701403,1.0,0.0,0.0,0.0
VIRTUAL_GALAXY_DISK,2.5547403176211474,29.67234468937876,1.0,0.0,0.0,0.0
VIRTUAL_GALAXY_DISK,2.5992991588682997,29.96793587174349,1.0,0.0,0.0,0.0
VIRTUAL_GALAXY_DISK,2.6444259921825224,30.263527054108216,1.0,0.0,0.0,0.0
VIRTUAL_GALAXY_DISK,2.6901288077463428,30.559118236472948,1.0,0.0,0.0,0.0
VIRTUAL_GALAXY_DISK,2.736415724371823,30.85470941883768,1.0,0.0,0.0,0.0
VIRTUAL_GALAXY_DISK,2.783294991862682,31.150300601202407,1.0,0.0,0.0,0.0
VIRTUAL_GALAXY_DISK,2.8307749934253756,31.445891783567134,1.0,0.0,0.0,0.0
VIRTUAL_GALAXY_DISK,2.8788642481303213,31.741482965931866,1.0,0.0,0.0,0.0
VIRTUAL_GALAXY_DISK,2.927571413424402,32.0370741482966,1.0,0.0,0.0,0.0
VIRTUAL_GALAXY_DISK,2.976905287695964,32.33266533066133,1.0,0.0,0.0,0.0
VIRTUAL_GALAXY_DISK,3.026874812893512,32.62825651302605,1.0,0.0,0.0,0.0
VIRTUAL_GALAXY_DISK,3.0774890771993886,32.92384769539078,1.0,0.0,0.0,0.0
VIRTUAL_GALAXY_DISK,3.1287573177597,33.219438877755515,1.0,0.0,0.0,0.0
VIRTUAL_GALAXY_DISK,3.1806889234718114,33.51503006012024,1.0,0.0,0.0,0.0
VIRTUAL_GALAXY_DISK,3.2332934378308162,33.81062124248497,1.0,0.0,0.0,0.0
VIRTUAL_GALAXY_DISK,3.2865805618362955,34.1062124248497,1.0,0.0,0.0,0.0
VIRTUAL_GALAXY_DISK,3.3405601569608665,34.40180360721443,1.0,0.0,0.0,0.0
VIRTUAL_GALAXY_DISK,3.3952422481819493,34.697394789579164,1.0,0.0,0.0,0.0
VIRTUAL_GALAXY_DISK,3.4506370270782685,34.99298597194389,1.0,0.0,0.0,0.0
VIRTUAL_GALAXY_DISK,3.5067548549926473,35.28857715430862,1.0,0.0,0.0,0.0
VIRTUAL_GALAXY_DISK,3.563606266262635,35.58416833667335,1.0,0.0,0.0,0.0
VIRTUAL_GALAXY_DISK,3.621201971520678,35.879759519038075,1.0,0.0,0.0,0.0
VIRTUAL_GALAXY_DISK,3.679552861065414,36.175350701402806,1.0,0.0,0.0,0.0
VIRTUAL_GALAXY_DISK,3.7386700083058746,36.47094188376754,1.0,0.0,0.0,0.0
VIRTUAL_GALAXY_DISK,3.7985646732803273,36.76653306613227,1.0,0.0,0.0,0.0
VIRTUAL_GALAXY_DISK,3.85924830625157,37.062124248497,1.0,0.0,0.0,0.0
VIRTUAL_GALAXY_DISK,3.920732551380536,37.357715430861724,1.0,0.0,0.0,0.0
VIRTUAL_GALAXY_DISK,3.9830292504801337,37.653306613226455,1.0,0.0,0.0,0.0
VIRTUAL_GALAXY_DISK,4.046150446851253,37.948897795591186,1.0,0.0,0.0,0.0
VIRTUAL_GALAXY_DISK,4.110108389202956,38.24448897795591,1.0,0.0,0.0,0.0
VIRTUAL_GALAXY_DISK,4.174915535658969,38.54008016032064,1.0,0.0,0.0,0.0
VIRTUAL_GALAXY_DISK,4.240584557852499,38.83567134268537,1.0,0.0,0.0,0.0
VIRTUAL_GALAXY_DISK,4.307128345111665,39.131262525050104,1.0,0.0,0.0,0.0
VIRTUAL_GALAXY_DISK,4.374560008737707,39.426853707414836,1.0,0.0,0.0,0.0
VIRTUAL_GALAXY_DISK,4.4428928863783135,39.72244488977956,1.0,0.0,0.0,0.0
VIRTUAL_GALAXY_DISK,4.5121405464984266,40.01803607214429,1.0,0.0,0.0,0.0
VIRTUAL_GALAXY_DISK,4.582316792950928,40.31362725450902,1.0,0.0,0.0,0.0
VIRTUAL_GALAXY_DISK,4.653435669649764,40.609218436873746,1.0,0.0,0.0,0.0
VIRTUAL_GALAXY_DISK,4.725511465348009,40.90480961923848,1.0,0.0,0.0,0.0
VIRTUAL_GALAXY_DISK,4.7985587185235525,41.20040080160321,1.0,0.0,0.0,0.0
VIRTUAL_GALAXY_DISK,4.872592222375097,41.49599198396794,1.0,0.0,0.0,0.0
VIRTUAL_GALAXY_DISK,4.9476270299312795,41.79158316633267,1.0,0.0,0.0,0.0
VIRTUAL_GALAXY_DISK,5.023678459275743,42.087174348697395,1.0,0.0,0.0,0.0
VIRTUAL_GALAXY_DISK,5.100762098891149,42.38276553106213,1.0,0.0,0.0,0.0
VIRTUAL_GALAXY_DISK,5.178893813125137,42.67835671342686,1.0,0.0,0.0,0.0
VIRTUAL_GALAXY_DISK,5.258089747781316,42.97394789579158,1.0,0.0,0.0,0.0
VIRTUAL_GALAXY_DISK,5.338366335838584,43.26953907815631,1.0,0.0,0.0,0.0
VIRTUAL_GALAXY_DISK,5.4197403033019445,43.565130260521045,1.0,0.0,0.0,0.0
VIRTUAL_GALAXY_DISK,5.502228675188308,43.860721442885776,1.0,0.0,0.0,0.0
VIRTUAL_GALAXY_DISK,5.58584878165072,44.15631262525051,1.0,0.0,0.0,0.0
VIRTUAL_GALAXY_DISK,5.670618264244599,44.45190380761523,1.0,0.0,0.0,0.0
VIRTUAL_GALAXY_DISK,5.7565550823396885,44.74749498997996,1.0,0.0,0.0,0.0
VIRTUAL_GALAXY_DISK,5.843677519681473,45.043086172344694,1.0,0.0,0.0,0.0
VIRTUAL_GALAXY_DISK,5.932004191106056,45.33867735470942,1.0,0.0,0.0,0.0
VIRTUAL_GALAXY_DISK,6.021554049412378,45.63426853707415,1.0,0.0,0.0,0.0
VIRTUAL_GALAXY_DISK,6.112346392396029,45.92985971943888,1.0,0.0,0.0,0.0
VIRTUAL_GALAXY_DISK,6.204400870048845,46.22545090180361,1.0,0.0,0.0,0.0
VIRTUAL_GALAXY_DISK,6.297737491928677,46.52104208416834,1.0,0.0,0.0,0.0
VIRTUAL_GALAXY_DISK,6.39237663470383,46.81663326653307,1.0,0.0,0.0,0.0
VIRTUAL_GALAXY_DISK,6.488339049876842,47.1122244488978,1.0,0.0,0.0,0.0
VIRTUAL_GALAXY_DISK,6.585645871692317,47.40781563126253,1.0,0.0,0.0,0.0
VIRTUAL_GALAXY_DISK,6.684318625233769,47.703406813627254,1.0,0.0,0.0,0.0
VIRTUAL_GALAXY_DISK,6.784379234714557,47.998997995991985,1.0,0.0,0.0,0.0
VIRTUAL_GALAXY_DISK,6.885850031968031,48.294589178356716,1.0,0.0,0.0,0.0
VIRTUAL_GALAXY_DISK,6.9887537651423655,48.59018036072145,1.0,0.0,0.0,0.0
VIRTUAL_GALAXY_DISK,7.09311360760551,48.88577154308618,1.0,0.0,0.0,0.0
VIRTUAL_GALAXY_DISK,7.198953167066014,49.1813627254509,1.0,0.0,0.0,0.0
VIRTUAL_GALAXY_DISK,7.306296494915558,49.476953907815634,1.0,0.0,0.0,0.0
VIRTUAL_GALAXY_DISK,7.415168095799189,49.772545090180365,1.0,0.0,0.0,0.0
VIRTUAL_GALAXY_DISK,7.525592937419586,50.06813627254509,1.0,0.0,0.0,0.0
VIRTUAL_GALAXY_DISK,7.6375964605816495,50.36372745490982,1.0,0.0,0.0,0.0
VIRTUAL_GALAXY_DISK,7.751204589484068,50.65931863727455,1.0,0.0,0.0,0.0
VIRTUAL_GALAXY_DISK,7.866443742264688,50.95490981963928,1.0,0.0,0.0,0.0
VIRTUAL_GALAXY_DISK,7.983340841806646,51.250501002004015,1.0,0.0,0.0,0.0
VIRTUAL_GALAXY_DISK,8.101923326812525,51.54609218436874,1.0,0.0,0.0,0.0
VIRTUAL_GALAXY_DISK,8.222219163153989,51.84168336673347,1.0,0.0,0.0,0.0
VIRTUAL_GALAXY_DISK,8.344256855504533,52.1372745490982,1.0,0.0,0.0,0.0
VIRTUAL_GALAXY_DISK,8.468065459263281,52.432865731462925,1.0,0.0,0.0,0.0
VIRTUAL_GALAXY_DISK,8.59367459277807,52.72845691382766,1.0,0.0,0.0,0.0
VIRTUAL_GALAXY_DISK,8.72111444987606,53.02404809619239,1.0,0.0,0.0,0.0
VIRTUAL_GALAXY_DISK,8.850415812710738,53.31963927855712,1.0,0.0,0.0,0.0
VIRTUAL_GALAXY_DISK,8.981610064934134,53.61523046092185,1.0,0.0,0.0,0.0
VIRTUAL_GALAXY_DISK,9.114729205203538,53.910821643286575,1.0,0.0,0.0,0.0
VIRTUAL_GALAXY_DISK,9.249805861032232,54.206412825651306,1.0,0.0,0.0,0.0
VIRTUAL_GALAXY_DISK,9.386873302994,54.50200400801604,1.0,0.0,0.0,0.0
VIRTUAL_GALAXY_DISK,9.525965459291667,54.79759519038076,1.0,0.0,0.0,0.0
VIRTUAL_GALAXY_DISK,9.667116930699992,55.09318637274549,1.0,0.0,0.0,0.0
VIRTUAL_GALAXY_DISK,9.810363005893777,55.388777555110224,1.0,0.0,0.0,0.0
VIRTUAL_GALAXY_DISK,9.955739677172298,55.684368737474955,1.0,0.0,0.0,0.0
VIRTUAL_GALAXY_DISK,10.103283656591582,55.979959919839686,1.0,0.0,0.0,0.0
VIRTUAL_GALAXY_DISK,10.25303239251629,56.27555110220441,1.0,0.0,0.0,0.0
VIRTUAL_GALAXY_DISK,10.405024086603593,56.57114228456914,1.0,0.0,0.0,0.0
VIRTUAL_GALAXY_DISK,10.559297711231553,56.86673346693387,1.0,0.0,0.0,0.0
VIRTUAL_GALAXY_DISK,10.715893027385071,57.1623246492986,1.0,0.0,0.0,0.0
VIRTUAL_GALAXY_DISK,10.874850603012996,57.45791583166333,1.0,0.0,0.0,0.0
VIRTUAL_GALAXY_DISK,11.036211831870116,57.75350701402806,1.0,0.0,0.0,0.0
VIRTUAL_GALAXY_DISK,11.20001895285854,58.04909819639279,1.0,0.0,0.0,0.0
VIRTUAL_GALAXY_DISK,11.366315069883271,58.34468937875752,1.0,0.0,0.0,0.0
VIRTUAL_GALAXY_DISK,11.535144172237276,58.640280561122246,1.0,0.0,0.0,0.0
VIRTUAL_GALAXY_DISK,11.706551155531942,58.93587174348698,1.0,0.0,0.0,0.0
VIRTUAL_GALAXY_DISK,11.880581843189164,59.23146292585171,1.0,0.0,0.0,0.0
VIRTUAL_GALAXY_DISK,12.05728300851219,59.52705410821643,1.0,0.0,0.0,0.0
VIRTUAL_GALAXY_DISK,12.236702397352417,59.822645290581164,1.0,0.0,0.0,0.0
VIRTUAL_GALAXY_DISK,12.418888751390428,60.118236472945895,1.0,0.0,0.0,0.0
VIRTUAL_GALAXY_DISK,12.603891832049824,60.41382765531063,1.0,0.0,0.0,0.0
VIRTUAL_GALAXY_DISK,12.79176244506315,60.70941883767536,1.0,0.0,0.0,0.0
VIRTUAL_GALAXY_DISK,12.982552465709901,61.00501002004008,1.0,0.0,0.0,0.0
VIRTUAL_GALAXY_DISK,13.176314864747178,61.30060120240481,1.0,0.0,0.0,0.0
VIRTUAL_GALAXY_DISK,13.373103735054434,61.596192384769545,1.0,0.0,0.0,0.0
VIRTUAL_GALAXY_DISK,13.572974319014126,61.89178356713427,1.0,0.0,0.0,0.0
VIRTUAL_GALAXY_DISK,13.775983036651473,62.187374749499,1.0,0.0,0.0,0.0
VIRTUAL_GALAXY_DISK,13.982187514556479,62.48296593186373,1.0,0.0,0.0,0.0
VIRTUAL_GALAXY_DISK,14.191646615612965,62.77855711422846,1.0,0.0,0.0,0.0
VIRTUAL_GALAXY_DISK,14.404420469559744,63.074148296593194,1.0,0.0,0.0,0.0
VIRTUAL_GALAXY_DISK,14.620570504410022,63.36973947895792,1.0,0.0,0.0,0.0
VIRTUAL_GALAXY_DISK,14.840159478756236,63.66533066132265,1.0,0.0,0.0,0.0
VIRTUAL_GALAXY_DISK,15.063251514988048,63.96092184368738,1.0,0.0,0.0,0.0
VIRTUAL_GALAXY_DISK,15.289912133452887,64.2565130260521,1.0,0.0,0.0,0.0
VIRTUAL_GALAXY_DISK,15.520208287588565,64.55210420841684,1.0,0.0,0.0,0.0
VIRTUAL_GALAXY_DISK,15.754208400059376,64.84769539078157,1.0,0.0,0.0,0.0
VIRTUAL_GALAXY_DISK,15.991982399927728,65.1432865731463,1.0,0.0,0.0,0.0
VIRTUAL_GALAXY_DISK,16.233601760894537,65.43887775551103,1.0,0.0,0.0,0.0
VIRTUAL_GALAXY_DISK,16.47913954064299,65.73446893787576,1.0,0.0,0.0,0.0
VIRTUAL_GALAXY_DISK,16.728670421321358,66.03006012024048,1.0,0.0,0.0,0.0
VIRTUAL_GALAXY_DISK,16.982270751201924,66.32565130260521,1.0,0.0,0.0,0.0
VIRTUAL_GALAXY_DISK,17.24001858755421,66.62124248496994,1.0,0.0,0.0,0.0
VIRTUAL_GALAXY_DISK,17.501993740772512,66.91683366733467,1.0,0.0,0.0,0.0
VIRTUAL_GALAXY_DISK,17.76827781979875,67.2124248496994,1.0,0.0,0.0,0.0
VIRTUAL_GALAXY_DISK,18.038954278883306,67.50801603206413,1.0,0.0,0.0,0.0
VIRTUAL_GALAXY_DISK,18.314108465728236,67.80360721442887,1.0,0.0,0.0,0.0
VIRTUAL_GALAXY_DISK,18.593827671058623,68.0991983967936,1.0,0.0,0.0,0.0
VIRTUAL_GALAXY_DISK,18.87820117966967,68.39478957915833,1.0,0.0,0.0,0.0
VIRTUAL_GALAXY_DISK,19.167320322998865,68.69038076152304,1.0,0.0,0.0,0.0
VIRTUAL_GALAXY_DISK,19.461278533274452,68.98597194388778,1.0,0.0,0.0,0.0
VIRTUAL_GALAXY_DISK,19.760171399293082,69.28156312625251,1.0,0.0,0.0,0.0
VIRTUAL_GALAXY_DISK,20.064096723881917,69.57715430861724,1.0,0.0,0.0,0.0
VIRTUAL_GALAXY_DISK,20.3731545831022,69.87274549098197,1.0,0.0,0.0,0.0
VIRTUAL_GALAXY_DISK,20.68744738725355,70.1683366733467,1.0,0.0,0.0,0.0
VIRTUAL_GALAXY_DISK,21.007079943740557,70.46392785571143,1.0,0.0,0.0,0.0
VIRTUAL_GALAXY_DISK,21.33215952186544,70.75951903807615,1.0,0.0,0.0,0.0
VIRTUAL_GALAXY_DISK,21.662795919613206,71.05511022044088,1.0,0.0,0.0,0.0
VIRTUAL_GALAXY_DISK,21.999101532497882,71.35070140280561,1.0,0.0,0.0,0.0
VIRTUAL_GALAXY_DISK,22.341191424541513,71.64629258517034,1.0,0.0,0.0,0.0
VIRTUAL_GALAXY_DISK,22.689183401460053,71.94188376753507,1.0,0.0,0.0,0.0
VIRTUAL_GALAXY_DISK,23.04319808613314,72.2374749498998,1.0,0.0,0.0,0.0
VIRTUAL_GALAXY_DISK,23.403358996438,72.53306613226454,1.0,0.0,0.0,0.0
VIRTUAL_GALAXY_DISK,23.769792625530517,72.82865731462927,1.0,0.0,0.0,0.0
VIRTUAL_GALAXY_DISK,24.142628524659973,73.124248496994,1.0,0.0,0.0,0.0
VIRTUAL_GALAXY_DISK,24.521999388607338,73.41983967935872,1.0,0.0,0.0,0.0
VIRTUAL_GALAXY_DISK,24.908041143840517,73.71543086172345,1.0,0.0,0.0,0.0
VIRTUAL_GALAXY_DISK,25.300893039483356,74.01102204408818,1.0,0.0,0.0,0.0
VIRTUAL_GALAXY_DISK,25.700697741199804,74.30661322645291,1.0,0.0,0.0,0.0
VIRTUAL_GALAXY_DISK,26.10760142809778,74.60220440881764,1.0,0.0,0.0,0.0
VIRTUAL_GALAXY_DISK,26.521753892762117,74.89779559118237,1.0,0.0,0.0,0.0
VIRTUAL_GALAXY_DISK,26.94330864453002,75.1933867735471,1.0,0.0,0.0,0.0
VIRTUAL_GALAXY_DISK,27.372423016127247,75.48897795591182,1.0,0.0,0.0,0.0
VIRTUAL_GALAXY_DISK,27.809258273787922,75.78456913827655,1.0,0.0,0.0,0.0
VIRTUAL_GALAXY_DISK,28.253979730985677,76.08016032064128,1.0,0.0,0.0,0.0
VIRTUAL_GALAXY_DISK,28.70675686590959,76.37575150300601,1.0,0.0,0.0,0.0
VIRTUAL_GALAXY_DISK,29.167763442823258,76.67134268537075,1.0,0.0,0.0,0.0
VIRTUAL_GALAXY_DISK,29.637177637451337,76.96693386773548,1.0,0.0,0.0,0.0
VIRTUAL_GALAXY_DISK,30.115182166543832,77.26252505010021,1.0,0.0,0.0,0.0
VIRTUAL_GALAXY_DISK,30.601964421774603,77.55811623246494,1.0,0.0,0.0,0.0
VIRTUAL_GALAXY_DISK,31.09771660813709,77.85370741482967,1.0,0.0,0.0,0.0
VIRTUAL_GALAXY_DISK,31.602635887006965,78.14929859719439,1.0,0.0,0.0,0.0
VIRTUAL_GALAXY_DISK,32.116924524048954,78.44488977955912,1.0,0.0,0.0,0.0
VIRTUAL_GALAXY_DISK,32.64079004215172,78.74048096192385,1.0,0.0,0.0,0.0
VIRTUAL_GALAXY_DISK,33.17444537958358,79.03607214428858,1.0,0.0,0.0,0.0
VIRTUAL_GALAXY_DISK,33.718109053569044,79.33166332665331,1.0,0.0,0.0,0.0
VIRTUAL_GALAXY_DISK,34.27200532949529,79.62725450901804,1.0,0.0,0.0,0.0
VIRTUAL_GALAXY_DISK,34.83636439596641,79.92284569138278,1.0,0.0,0.0,0.0
VIRTUAL_GALAXY_DISK,35.41142254593265,80.21843687374749,1.0,0.0,0.0,0.0
VIRTUAL_GALAXY_DISK,35.997422364132014,80.51402805611222,1.0,0.0,0.0,0.0
VIRTUAL_GALAXY_DISK,36.59461292109106,80.80961923847696,1.0,0.0,0.0,0.0
VIRTUAL_GALAXY_DISK,37.20324997394377,81.10521042084169,1.0,0.0,0.0,0.0
VIRTUAL_GALAXY_DISK,37.823596174337396,81.40080160320642,1.0,0.0,0.0,0.0
VIRTUAL_GALAXY_DISK,38.45592128370693,81.69639278557115,1.0,0.0,0.0,0.0
VIRTUAL_GALAXY_DISK,39.10050239621182,81.99198396793588,1.0,0.0,0.0,0.0
VIRTUAL_GALAXY_DISK,39.75762416964184,82.28757515030061,1.0,0.0,0.0,0.0
VIRTUAL_GALAXY_PBH,0.1003062341956637,86.95390781563127,1.0,0.0,0.0,0.0
VIRTUAL_GALAXY_PBH,0.10179854738925864,87.44789579158316,1.0,0.0,0.0,0.0
VIRTUAL_GALAXY_PBH,0.10331262812497531,87.94188376753507,1.0,0.0,0.0,0.0
VIRTUAL_GALAXY_PBH,0.10484884254954156,88.43587174348697,1.0,0.0,0.0,0.0
VIRTUAL_GALAXY_PBH,0.10640756396610689,88.92985971943888,1.0,0.0,0.0,0.0
VIRTUAL_GALAXY_PBH,0.10798917299496825,89.42384769539078,1.0,0.0,0.0,0.0
VIRTUAL_GALAXY_PBH,0.10959405773839002,89.91783567134269,1.0,0.0,0.0,0.0
VIRTUAL_GALAXY_PBH,0.11122261394963483,90.41182364729458,1.0,0.0,0.0,0.0
VIRTUAL_GALAXY_PBH,0.11287524520632647,90.90581162324649,1.0,0.0,0.0,0.0
VIRTUAL_GALAXY_PBH,0.11455236308826783,91.3997995991984,1.0,0.0,0.0,0.0
VIRTUAL_GALAXY_PBH,0.11625438735984459,91.8937875751503,1.0,0.0,0.0,0.0
VIRTUAL_GALAXY_PBH,0.11798174615714449,92.38777555110221,1.0,0.0,0.0,0.0
VIRTUAL_GALAXY_PBH,0.1197348761799309,92.8817635270541,1.0,0.0,0.0,0.0
VIRTUAL_GALAXY_PBH,0.12151422288861138,93.37575150300601,1.0,0.0,0.0,0.0
VIRTUAL_GALAXY_PBH,0.12332024070634559,93.86973947895791,1.0,0.0,0.0,0.0
VIRTUAL_GALAXY_PBH,0.12515339322644578,94.36372745490982,1.0,0.0,0.0,0.0
VIRTUAL_GALAXY_PBH,0.12701415342522163,94.85771543086172,1.0,0.0,0.0,0.0
VIRTUAL_GALAXY_PBH,0.12890300388043285,95.35170340681363,1.0,0.0,0.0,0.0
VIRTUAL_GALAXY_PBH,0.1308204369955135,95.84569138276552,1.0,0.0,0.0,0.0
VIRTUAL_GALAXY_PBH,0.13276695522973903,96.33967935871743,1.0,0.0,0.0,0.0
VIRTUAL_GALAXY_PBH,0.13474307133451363,96.83366733466934,1.0,0.0,0.0,0.0
VIRTUAL_GALAXY_PBH,0.13674930859595957,97.32765531062124,1.0,0.0,0.0,0.0
VIRTUAL_GALAXY_PBH,0.13878620108399708,97.82164328657315,1.0,0.0,0.0,0.0
VIRTUAL_GALAXY_PBH,0.1408542939081102,98.31563126252505,1.0,0.0,0.0,0.0
VIRTUAL_GALAXY_PBH,0.1429541434799986,98.80961923847696,1.0,0.0,0.0,0.0
VIRTUAL_GALAXY_PBH,0.14508631778332468,99.30360721442885,1.0,0.0,0.0,0.0
VIRTUAL_GALAXY_PBH,0.1472513966507706,99.79759519038076,1.0,0.0,0.0,0.0
VIRTUAL_GALAXY_PBH,0.14944997204862565,100.29158316633266,1.0,0.0,0.0,0.0
VIRTUAL_GALAXY_PBH,0.15168264836913742,100.78557114228457,1.0,0.0,0.0,0.0
VIRTUAL_GALAXY_PBH,0.1539500427308596,101.27955911823648,1.0,0.0,0.0,0.0
VIRTUAL_GALAXY_PBH,0.1562527852872456,101.77354709418837,1.0,0.0,0.0,0.0
VIRTUAL_GALAXY_PBH,0.15859151954374057,102.26753507014028,1.0,0.0,0.0,0.0
VIRTUAL_GALAXY_PBH,0.16096690268363248,102.76152304609218,1.0,0.0,0.0,0.0
VIRTUAL_GALAXY_PBH,0.1633796059029388,103.25551102204409,1.0,0.0,0.0,0.0
VIRTUAL_GALAXY_PBH,0.16583031475460305,103.74949899799599,1.0,0.0,0.0,0.0
VIRTUAL_GALAXY_PBH,0.1683197295022976,104.2434869739479,1.0,0.0,0.0,0.0
VIRTUAL_GALAXY_PBH,0.1708485654841304,104.73747494989979,1.0,0.0,0.0,0.0
VIRTUAL_GALAXY_PBH,0.17341755348656698,105.2314629258517,1.0,0.0,0.0,0.0
VIRTUAL_GALAXY_PBH,0.17602744012889057,105.72545090180361,1.0,0.0,0.0,0.0
VIRTUAL_GALAXY_PBH,0.17867898825853312,106.21943887775551,1.0,0.0,0.0,0.0
VIRTUAL_GALAXY_PBH,0.18137297735762203,106.71342685370742,1.0,0.0,0.0,0.0
VIRTUAL_GALAXY_PBH,0.18411020396110017,107.20741482965931,1.0,0.0,0.0,0.0
VIRTUAL_GALAXY_PBH,0.18689148208678782,107.70140280561122,1.0,0.0,0.0,0.0
VIRTUAL_GALAXY_PBH,0.18971764367777072,108.19539078156312,1.0,0.0,0.0,0.0
VIRTUAL_GALAXY_PBH,0.19258953905751072,108.68937875751503,1.0,0.0,0.0,0.0
VIRTUAL_GALAXY_PBH,0.19550803739808673,109.18336673346693,1.0,0.0,0.0,0.0
VIRTUAL_GALAXY_PBH,0.19847402720199714,109.67735470941884,1.0,0.0,0.0,0.0
VIRTUAL_GALAXY_PBH,0.20148841679795731,110.17134268537075,1.0,0.0,0.0,0.0
VIRTUAL_GALAXY_PBH,0.20455213485115448,110.66533066132264,1.0,0.0,0.0,0.0
VIRTUAL_GALAXY_PBH,0.20766613088843092,111.15931863727455,1.0,0.0,0.0,0.0
VIRTUAL_GALAXY_PBH,0.21083137583888334,111.65330661322645,1.0,0.0,0.0,0.0
VIRTUAL_GALAXY_PBH,0.21404886259039288,112.14729458917836,1.0,0.0,0.0,0.0
VIRTUAL_GALAXY_PBH,0.21731960656260466,112.64128256513025,1.0,0.0,0.0,0.0
VIRTUAL_GALAXY_PBH,0.2206446462969099,113.13527054108216,1.0,0.0,0.0,0.0
VIRTUAL_GALAXY_PBH,0.22402504406399296,113.62925851703406,1.0,0.0,0.0,0.0
VIRTUAL_GALAXY_PBH,0.22746188648953103,114.12324649298597,1.0,0.0,0.0,0.0
VIRTUAL_GALAXY_PBH,0.23095628519865705,114.61723446893788,1.0,0.0,0.0,0.0
VIRTUAL_GALAXY_PBH,0.23450937747981607,115.11122244488978,1.0,0.0,0.0,0.0
VIRTUAL_GALAXY_PBH,0.23812232696867122,115.60521042084169,1.0,0.0,0.0,0.0
VIRTUAL_GALAXY_PBH,0.2417963243527395,116.09919839679358,1.0,0.0,0.0,0.0
VIRTUAL_GALAXY_PBH,0.24553258809746134,116.59318637274549,1.0,0.0,0.0,0.0
VIRTUAL_GALAXY_PBH,0.24933236519443824,117.08717434869739,1.0,0.0,0.0,0.0
VIRTUAL_GALAXY_PBH,0.253196931932599,117.5811623246493,1.0,0.0,0.0,0.0
VIRTUAL_GALAXY_PBH,0.25712759469307894,118.0751503006012,1.0,0.0,0.0,0.0
VIRTUAL_GALAXY_PBH,0.26112569076864,118.5691382765531,1.0,0.0,0.0,0.0
VIRTUAL_GALAXY_PBH,0.2651925892084717,119.06312625250501,1.0,0.0,0.0,0.0
VIRTUAL_GALAXY_PBH,0.26932969168926624,119.55711422845691,1.0,0.0,0.0,0.0
VIRTUAL_GALAXY_PBH,0.2735384334134794,120.05110220440882,1.0,0.0,0.0,0.0
VIRTUAL_GALAXY_PBH,0.27782028403573056,120.54509018036072,1.0,0.0,0.0,0.0
VIRTUAL_GALAXY_PBH,0.28217674861833847,121.03907815631263,1.0,0.0,0.0,0.0
VIRTUAL_GALAXY_PBH,0.2866093686170118,121.53306613226452,1.0,0.0,0.0,0.0
VIRTUAL_GALAXY_PBH,0.2911197228977735,122.02705410821643,1.0,0.0,0.0,0.0
VIRTUAL_GALAXY_PBH,0.2957094287862252,122.52104208416833,1.0,0.0,0.0,0.0
VIRTUAL_GALAXY_PBH,0.30038014315030886,123.01503006012024,1.0,0.0,0.0,0.0
VIRTUAL_GALAXY_PBH,0.3051335635177676,123.50901803607215,1.0,0.0,0.0,0.0
VIRTUAL_GALAXY_PBH,0.3099714292295545,124.00300601202404,1.0,0.0,0.0,0.0
VIRTUAL_GALAXY_PBH,0.31489552263049003,124.49699398797596,1.0,0.0,0.0,0.0
VIRTUAL_GALAXY_PBH,0.3199076702985182,124.99098196392785,1.0,0.0,0.0,0.0
VIRTUAL_GALAXY_PBH,0.3250097443139696,125.48496993987976,1.0,0.0,0.0,0.0
VIRTUAL_GALAXY_PBH,0.33020366357029257,125.97895791583166,1.0,0.0,0.0,0.0
VIRTUAL_GALAXY_PBH,0.33549139512777776,126.47294589178357,1.0,0.0,0.0,0.0
VIRTUAL_GALAXY_PBH,0.34087495561185777,126.96693386773546,1.0,0.0,0.0,0.0
VIRTUAL_GALAXY_PBH,0.34635641265763584,127.46092184368737,1.0,0.0,0.0,0.0
VIRTUAL_GALAXY_PBH,0.35193788640235624,127.95490981963928,1.0,0.0,0.0,0.0
VIRTUAL_GALAXY_PBH,0.35762155102761045,128.44889779559117,1.0,0.0,0.0,0.0
VIRTUAL_GALAXY_PBH,0.36340963635313983,128.9428857715431,1.0,0.0,0.0,0.0
VIRTUAL_GALAXY_PBH,0.36930442948417014,129.43687374749499,1.0,0.0,0.0,0.0
VIRTUAL_GALAXY_PBH,0.3753082765143138,129.9308617234469,1.0,0.0,0.0,0.0
VIRTUAL_GALAXY_PBH,0.3814235842861277,130.4248496993988,1.0,0.0,0.0,0.0
VIRTUAL_GALAXY_PBH,0.3876528222115377,130.9188376753507,1.0,0.0,0.0,0.0
VIRTUAL_GALAXY_PBH,0.3939985241544114,131.4128256513026,1.0,0.0,0.0,0.0
VIRTUAL_GALAXY_PBH,0.4004632903776629,131.9068136272545,1.0,0.0,0.0,0.0
VIRTUAL_GALAXY_PBH,0.4070497895573833,132.40080160320642,1.0,0.0,0.0,0.0
VIRTUAL_GALAXY_PBH,0.4137607608665858,132.89478957915833,1.0,0.0,0.0,0.0
VIRTUAL_GALAXY_PBH,0.4205990161312737,133.3887775551102,1.0,0.0,0.0,0.0
VIRTUAL_GALAXY_PBH,0.42756744206165537,133.88276553106212,1.0,0.0,0.0,0.0
VIRTUAL_GALAXY_PBH,0.4346690025614468,134.37675350701403,1.0,0.0,0.0,0.0
VIRTUAL_GALAXY_PBH,0.4419067411183419,134.87074148296594,1.0,0.0,0.0,0.0
VIRTUAL_GALAXY_PBH,0.44928378327885454,135.36472945891782,1.0,0.0,0.0,0.0
VIRTUAL_GALAXY_PBH,0.4568033392108856,135.85871743486973,1.0,0.0,0.0,0.0
VIRTUAL_GALAXY_PBH,0.4644687063575059,136.35270541082164,1.0,0.0,0.0,0.0
VIRTUAL_GALAXY_PBH,0.472283272185617,136.84669338677355,1.0,0.0,0.0,0.0
VIRTUAL_GALAXY_PBH,0.48025051703329774,137.34068136272546,1.0,0.0,0.0,0.0
VIRTUAL_GALAXY_PBH,0.48837401705982575,137.83466933867734,1.0,0.0,0.0,0.0
VIRTUAL_GALAXY_PBH,0.4966574473025409,138.32865731462925,1.0,0.0,0.0,0.0
VIRTUAL_GALAXY_PBH,0.5051045848448972,138.82264529058116,1.0,0.0,0.0,0.0
VIRTUAL_GALAXY_PBH,0.5137193121002626,139.31663326653307,1.0,0.0,0.0,0.0
VIRTUAL_GALAXY_PBH,0.522505620216219,139.81062124248496,1.0,0.0,0.0,0.0
VIRTUAL_GALAXY_PBH,0.5314676126043408,140.30460921843687,1.0,0.0,0.0,0.0
VIRTUAL_GALAXY_PBH,0.5406095086006503,140.79859719438878,1.0,0.0,0.0,0.0
VIRTUAL_GALAXY_PBH,0.549935647262204,141.2925851703407,1.0,0.0,0.0,0.0
VIRTUAL_GALAXY_PBH,0.5594504913054992,141.7865731462926,1.0,0.0,0.0,0.0
VIRTUAL_GALAXY_PBH,0.5691586311926641,142.28056112224448,1.0,0.0,0.0,0.0
VIRTUAL_GALAXY_PBH,0.5790647893716774,142.7745490981964,1.0,0.0,0.0,0.0
VIRTUAL_GALAXY_PBH,0.5891738246771416,143.2685370741483,1.0,0.0,0.0,0.0
VIRTUAL_GALAXY_PBH,0.5994907368984673,143.7625250501002,1.0,0.0,0.0,0.0
VIRTUAL_GALAXY_PBH,0.6100206715226214,144.2565130260521,1.0,0.0,0.0,0.0
VIRTUAL_GALAXY_PBH,0.6207689246589633,144.750501002004,1.0,0.0,0.0,0.0
VIRTUAL_GALAXY_PBH,0.631740948154021,145.2444889779559,1.0,0.0,0.0,0.0
VIRTUAL_GALAXY_PBH,0.6429423549044725,145.73847695390782,1.0,0.0,0.0,0.0
VIRTUAL_GALAXY_PBH,0.6543789243769652,146.23246492985973,1.0,0.0,0.0,0.0
VIRTUAL_GALAXY_PBH,0.6660566083438454,146.7264529058116,1.0,0.0,0.0,0.0
VIRTUAL_GALAXY_PBH,0.6779815368443092,147.22044088176352,1.0,0.0,0.0,0.0
VIRTUAL_GALAXY_PBH,0.6901600243809376,147.71442885771543,1.0,0.0,0.0,0.0
VIRTUAL_GALAXY_PBH,0.7025985763620989,148.20841683366734,1.0,0.0,0.0,0.0
VIRTUAL_GALAXY_PBH,0.7153038958011889,148.70240480961922,1.0,0.0,0.0,0.0
VIRTUAL_GALAXY_PBH,0.7282828902842503,149.19639278557113,1.0,0.0,0.0,0.0
VIRTUAL_GALAXY_PBH,0.7415426792180662,149.69038076152304,1.0,0.0,0.0,0.0
VIRTUAL_GALAXY_PBH,0.7550906013714582,150.18436873747495,1.0,0.0,0.0,0.0
VIRTUAL_GALAXY_PBH,0.7689342227231372,150.67835671342687,1.0,0.0,0.0,0.0
VIRTUAL_GALAXY_PBH,0.7830813446301423,151.17234468937875,1.0,0.0,0.0,0.0
VIRTUAL_GALAXY_PBH,0.797540012331629,151.66633266533066,1.0,0.0,0.0,0.0
VIRTUAL_GALAXY_PBH,0.8123185238034951,152.16032064128257,1.0,0.0,0.0,0.0
VIRTUAL_GALAXY_PBH,0.8274254389801732,152.65430861723448,1.0,0.0,0.0,0.0
VIRTUAL_GALAXY_PBH,0.8428695893607211,153.14829659318636,1.0,0.0,0.0,0.0
VIRTUAL_GALAXY_PBH,0.8586600880172679,153.64228456913827,1.0,0.0,0.0,0.0
VIRTUAL_GALAXY_PBH,0.8748063400247822,154.13627254509018,1.0,0.0,0.0,0.0
VIRTUAL_GALAXY_PBH,0.8913180533321717,154.6302605210421,1.0,0.0,0.0,0.0
VIRTUAL_GALAXY_PBH,0.9082052500957339,155.124248496994,1.0,0.0,0.0,0.0
VIRTUAL_GALAXY_PBH,0.9254782784971254,155.61823647294588,1.0,0.0,0.0,0.0
VIRTUAL_GALAXY_PBH,0.9431478250691936,156.1122244488978,1.0,0.0,0.0,0.0
VIRTUAL_GALAXY_PBH,0.9612249275542505,156.6062124248497,1.0,0.0,0.0,0.0
VIRTUAL_GALAXY_PBH,0.9797209883207294,157.1002004008016,1.0,0.0,0.0,0.0
VIRTUAL_GALAXY_PBH,0.9986477883655361,157.5941883767535,1.0,0.0,0.0,0.0
VIRTUAL_GALAXY_PBH,1.0180175019309246,158.0881763527054,1.0,0.0,0.0,0.0
VIRTUAL_GALAXY_PBH,1.037842711766277,158.5821643286573,1.0,0.0,0.0,0.0
VIRTUAL_GALAXY_PBH,1.0581364250668854,159.07615230460922,1.0,0.0,0.0,0.0
VIRTUAL_GALAXY_PBH,1.0789120901235683,159.57014028056113,1.0,0.0,0.0,0.0
VIRTUAL_GALAXY_PBH,1.1001836137188645,160.06412825651302,1.0,0.0,0.0,0.0
VIRTUAL_GALAXY_PBH,1.1219653793075548,160.55811623246493,1.0,0.0,0.0,0.0
VIRTUAL_GALAXY_PBH,1.1442722660213582,161.05210420841684,1.0,0.0,0.0,0.0
VIRTUAL_GALAXY_PBH,1.167119668539951,161.54609218436875,1.0,0.0,0.0,0.0
VIRTUAL_GALAXY_PBH,1.1905235178728215,162.04008016032063,1.0,0.0,0.0,0.0
VIRTUAL_GALAXY_PBH,1.2145003030990493,162.53406813627254,1.0,0.0,0.0,0.0
VIRTUAL_GALAXY_PBH,1.239067094114778,163.02805611222445,1.0,0.0,0.0,0.0
VIRTUAL_GALAXY_PBH,1.2642415654410886,163.52204408817636,1.0,0.0,0.0,0.0
VIRTUAL_GALAXY_PBH,1.2900420211479957,164.01603206412827,1.0,0.0,0.0,0.0
VIRTUAL_GALAXY_PBH,1.3164874209535913,164.51002004008015,1.0,0.0,0.0,0.0
VIRTUAL_GALAXY_PBH,1.3435974075608308,165.00400801603206,1.0,0.0,0.0,0.0
VIRTUAL_GALAXY_PBH,1.371392335298148,165.49799599198397,1.0,0.0,0.0,0.0
VIRTUAL_GALAXY_PBH,1.3998933001340694,165.99198396793588,1.0,0.0,0.0,0.0
VIRTUAL_GALAXY_PBH,1.4291221711401647,166.48597194388776,1.0,0.0,0.0,0.0
VIRTUAL_GALAXY_PBH,1.4591016234811984,166.97995991983967,1.0,0.0,0.0,0.0
VIRTUAL_GALAXY_PBH,1.4898551730160892,167.47394789579158,1.0,0.0,0.0,0.0
VIRTUAL_GALAXY_PBH,1.5214072125984495,167.9679358717435,1.0,0.0,0.0,0.0
VIRTUAL_GALAXY_PBH,1.5537830501708794,168.4619238476954,1.0,0.0,0.0,0.0
VIRTUAL_GALAXY_PBH,1.5870089487530392,168.95591182364728,1.0,0.0,0.0,0.0
VIRTUAL_GALAXY_PBH,1.62111216842975,169.4498997995992,1.0,0.0,0.0,0.0
VIRTUAL_GALAXY_PBH,1.6561210104519877,169.9438877755511,1.0,0.0,0.0,0.0
VIRTUAL_GALAXY_PBH,1.6920648635708007,170.43787575150301,1.0,0.0,0.0,0.0
VIRTUAL_GALAXY_PBH,1.7289742527317298,170.9318637274549,1.0,0.0,0.0,0.0
VIRTUAL_GALAXY_PBH,1.7668808902654933,171.4258517034068,1.0,0.0,0.0,0.0
VIRTUAL_GALAXY_PBH,1.8058177297193476,171.91983967935872,1.0,0.0,0.0,0.0
VIRTUAL_GALAXY_PBH,1.8458190224829512,172.41382765531063,1.0,0.0,0.0,0.0
VIRTUAL_GALAXY_PBH,1.8869203773724672,172.90781563126254,1.0,0.0,0.0,0.0
VIRTUAL_GALAXY_PBH,1.9291588233474006,173.40180360721442,1.0,0.0,0.0,0.0
VIRTUAL_GALAXY_PBH,1.9725728755461494,173.89579158316633,1.0,0.0,0.0,0.0
VIRTUAL_GALAXY_PBH,2.017202604838532,174.38977955911824,1.0,0.0,0.0,0.0
VIRTUAL_GALAXY_PBH,2.0630897111068487,174.88376753507015,1.0,0.0,0.0,0.0
VIRTUAL_GALAXY_PBH,2.1102776004811656,175.37775551102203,1.0,0.0,0.0,0.0
VIRTUAL_GALAXY_PBH,2.1588114667698206,175.87174348697394,1.0,0.0,0.0,0.0
VIRTUAL_GALAXY_PBH,2.208738377342477,176.36573146292585,1.0,0.0,0.0,0.0
VIRTUAL_GALAXY_PBH,2.2601073637407794,176.85971943887776,1.0,0.0,0.0,0.0
VIRTUAL_GALAXY_PBH,2.312969517310528,177.35370741482967,1.0,0.0,0.0,0.0
VIRTUAL_GALAXY_PBH,2.3673780901697694,177.84769539078155,1.0,0.0,0.0,0.0
VIRTUAL_GALAXY_PBH,2.4233886018491506,178.34168336673346,1.0,0.0,0.0,0.0
VIRTUAL_GALAXY_PBH,2.4810589519645387,178.83567134268537,1.0,0.0,0.0,0.0
VIRTUAL_GALAXY_PBH,2.540449539307511,179.32965931863728,1.0,0.0,0.0,0.0
VIRTUAL_GALAXY_PBH,2.601623387766737,179.82364729458916,1.0,0.0,0.0,0.0
VIRTUAL_GALAXY_PBH,2.664646279523072,180.31763527054107,1.0,0.0,0.0,0.0
VIRTUAL_GALAXY_PBH,2.729586895993137,180.81162324649299,1.0,0.0,0.0,0.0
VIRTUAL_GALAXY_PBH,2.7965169670309056,181.3056112224449,1.0,0.0,0.0,0.0
VIRTUAL_GALAXY_PBH,2.865511428934151,181.7995991983968,1.0,0.0,0.0,0.0
VIRTUAL_GALAXY_PBH,2.9366485918430936,182.2935871743487,1.0,0.0,0.0,0.0
VIRTUAL_GALAXY_PBH,3.0100103171624206,182.7875751503006,1.0,0.0,0.0,0.0
VIRTUAL_GALAXY_PBH,3.0856822056851168,183.2815631262525,1.0,0.0,0.0,0.0
VIRTUAL_GALAXY_PBH,3.1637537971480496,183.77555110220442,1.0,0.0,0.0,0.0
VIRTUAL_GALAXY_PBH,3.2443187820047066,184.2695390781563,1.0,0.0,0.0,0.0
VIRTUAL_GALAXY_PBH,3.3274752262609386,184.7635270541082,1.0,0.0,0.0,0.0
VIRTUAL_GALAXY_PBH,3.4133258102848876,185.25751503006012,1.0,0.0,0.0,0.0
VIRTUAL_GALAXY_PBH,3.501978082573471,185.75150300601203,1.0,0.0,0.0,0.0
VIRTUAL_GALAXY_PBH,3.5935447295348766,186.24549098196394,1.0,0.0,0.0,0.0
VIRTUAL_GALAXY_PBH,3.6881438624304694,186.73947895791582,1.0,0.0,0.0,0.0
VIRTUAL_GALAXY_PBH,3.785899322710816,187.23346693386773,1.0,0.0,0.0,0.0
VIRTUAL_GALAXY_PBH,3.8869410070797565,187.72745490981964,1.0,0.0,0.0,0.0
VIRTUAL_GALAXY_PBH,3.991405213728815,188.22144288577155,1.0,0.0,0.0,0.0
VIRTUAL_GALAXY_PBH,4.099435011301969,188.71543086172343,1.0,0.0,0.0,0.0
VIRTUAL_GALAXY_PBH,4.21118063227952,189.20941883767534,1.0,0.0,0.0,0.0
VIRTUAL_GALAXY_PBH,4.32679989260999,189.70340681362725,1.0,0.0,0.0,0.0
VIRTUAL_GALAXY_PBH,4.44645863957239,190.19739478957916,1.0,0.0,0.0,0.0
VIRTUAL_GALAXY_PBH,4.570331230018507,190.69138276553105,1.0,0.0,0.0,0.0
VIRTUAL_GALAXY_PBH,4.698601041328126,191.18537074148296,1.0,0.0,0.0,0.0
VIRTUAL_GALAXY_PBH,4.831461017610389,191.67935871743487,1.0,0.0,0.0,0.0
VIRTUAL_GALAXY_PBH,4.969114253904249,192.17334669338678,1.0,0.0,0.0,0.0
